code	occupation	gender	conversations	birth-region	age-range	study-level
BO002	0-Students	F	BOA3001	toscana	21-25	university-degree-ongoing
BO003	0-Students	F	BOA3001	emilia-romagna	21-25	university-degree-ongoing
BO005	0-Students	F	BOA1025	estero	21-25	university-degree-ongoing
BO007	0-Students	F	BOA3002	toscana	21-25	university-degree-ongoing
BO008	0-Students	M	BOA3002	puglia	21-25	university-degree-ongoing
BO009	0-Students	F	BOA3002	emilia-romagna	21-25	university-degree-ongoing
BO010	0-Students	F	BOA3002	emilia-romagna	21-25	university-degree-ongoing
BO013	2-Professionals	M	BOD1001	emilia-romagna	51-55	phd
BO014	0-Students	F	BOD2001	emilia-romagna	21-25	university-degree-ongoing
BO016	0-Students	F	BOA3003	emilia-romagna	21-25	university-degree-ongoing
BO017	0-Students	F	BOA3003	emilia-romagna	21-25	university-degree-ongoing
BO018	0-Students	F	BOA3003	toscana	21-25	university-degree-ongoing
BO019	0-Students	F	BOA3003	lombardia	21-25	university-degree-ongoing
BO020	0-Students	F	BOA1001	campania	21-25	university-degree-ongoing
BO021	0-Students	F	BOA3004;BOA3006;BOD2005;BOA3007	campania	21-25	university-degree-ongoing
BO026	2-Professionals	F	BOA1001;BOA1002;BOA1003;BOA1004;BOA1005;BOA1006;BOA1007;BOA1008;BOA1009;BOA1010;BOA1011;BOA1012;BOA1013;BOA1014;BOA1015	basilicata	56-60	phd
BO027	0-Students	F	BOA1004	marche	26-30	university-degree-ongoing
BO028	0-Students	F	BOA1002	molise	21-25	university-degree-ongoing
BO029	0-Students	F	BOA1002	sicilia	21-25	university-degree-ongoing
BO030	0-Students	F	BOA1002	sicilia	21-25	university-degree-ongoing
BO031	0-Students	F	BOA1002	sicilia	21-25	university-degree-ongoing
BO032	0-Students	F	BOA1002;BOA1003	emilia-romagna	21-25	university-degree-ongoing
BO033	0-Students	F	BOA1005	lazio	21-25	university-degree-ongoing
BO034	0-Students	F	BOA1006	veneto	21-25	university-degree-ongoing
BO035	0-Students	F	BOA1007	emilia-romagna	21-25	university-degree-ongoing
BO036	0-Students	M	BOA1008	calabria	26-30	university-degree-ongoing
BO037	0-Students	F	BOA1009	trentino-alto-adige	21-25	university-degree-ongoing
BO038	0-Students	F	BOA1010	campania	21-25	university-degree-ongoing
BO039	0-Students	F	BOA1010	marche	21-25	university-degree-ongoing
BO040	0-Students	F	BOA1011	basilicata	21-25	university-degree-ongoing
BO041	0-Students	F	BOA1011	puglia	26-30	university-degree-ongoing
BO042	0-Students	F	BOA1012	veneto	21-25	university-degree-ongoing
BO043	0-Students	F	BOA1013	abruzzo	21-25	university-degree-ongoing
BO044	0-Students	F	BOA1014	sicilia	26-30	university-degree-ongoing
BO045	0-Students	F	BOA1015	sardegna	26-30	university-degree-ongoing
BO046	0-Students	F	BOA3004	trentino-alto-adige	21-25	university-degree-ongoing
BO047	0-Students	M	BOA3004	puglia	21-25	university-degree-ongoing
BO048	0-Students	F	BOA3004;BOA3006;BOA3007	piemonte	21-25	university-degree-ongoing
BO049	0-Students	F	BOD2006;BOD2007;BOD2008;BOD2010;BOD2011	emilia-romagna	21-25	university-degree-ongoing
BO051	0-Students	M	BOD2006	emilia-romagna	26-30	university-degree-ongoing
BO052	0-Students	M	BOD2007	emilia-romagna	21-25	university-degree-ongoing
BO053	0-Students	M	BOD2008	emilia-romagna	21-25	university-degree-ongoing
BO054	0-Students	F	BOD2009	emilia-romagna	21-25	university-degree-ongoing
BO056	0-Students	M	BOD2009	emilia-romagna	21-25	university-degree-ongoing
BO057	0-Students	F	BOD2003	calabria	21-25	university-degree-ongoing
BO070	0-Students	F	BOD2003	N/A	N/A	university-degree-ongoing
BO071	0-Students	M	BOA3006;BOA3007	lombardia	21-25	university-degree-ongoing
BO072	0-Students	M	BOD2005;BOA3006;BOA3007	calabria	21-25	university-degree-ongoing
BO073	0-Students	F	BOD2005	basilicata	21-25	university-degree-ongoing
BO074	0-Students	M	BOD2010	emilia-romagna	21-25	university-degree-ongoing
BO075	0-Students	M	BOD2011	emilia-romagna	21-25	university-degree-ongoing
BO082	2-Professionals	M	BOA1016;BOA1017;BOA1018	emilia-romagna	41-45	phd
BO083	0-Students	F	BOA1016	emilia-romagna	21-25	university-degree-ongoing
BO084	0-Students	F	BOA1017	veneto	21-25	university-degree-ongoing
BO085	0-Students	F	BOA1018	lombardia	21-25	university-degree-ongoing
BO086	0-Students	F	BOA3015	estero	21-25	university-degree-ongoing
BO087	2-Professionals	M	BOC1001;BOC1002;BOC1003;BOC1004	emilia-romagna	41-45	phd
BO088	0-Students	F	BOC1001	emilia-romagna	21-25	university-degree-ongoing
BO089	0-Students	F	BOC1002	marche	21-25	university-degree-ongoing
BO090	0-Students	M	BOC1003	sicilia	21-25	university-degree-ongoing
BO091	0-Students	M	BOC1004	emilia-romagna	21-25	university-degree-ongoing
BO092	2-Professionals	M	BOC1006;BOD1003	emilia-romagna	61-65	phd
BO093	2-Professionals	F	BOD1004	emilia-romagna	41-45	phd
BO094	2-Professionals	F	BOD1005	toscana	66-70	phd
BO095	0-Students	F	BOA3010;BOA3011;BOA3012;BOA3013	sicilia	21-25	university-degree-ongoing
BO096	0-Students	F	BOA3010	sicilia	21-25	university-degree-ongoing
BO097	0-Students	F	BOA3011;BOA3012;BOA3013	lombardia	21-25	university-degree-ongoing
BO098	0-Students	M	BOD2013	emilia-romagna	21-25	university-degree-ongoing
BO099	2-Professionals	F	BOD1006	emilia-romagna	66-70	phd
BO100	2-Professionals	M	BOD1007	piemonte	31-35	phd
BO102	2-Professionals	M	BOD1009	estero	31-35	phd
BO103	2-Professionals	M	BOD1010	lazio	51-55	phd
BO104	2-Professionals	F	BOC1005;BOC1007	emilia-romagna	36-40	phd
BO105	0-Students	F	BOC1005	emilia-romagna	21-25	university-degree-ongoing
BO112	2-Professionals	F	BOD1011	emilia-romagna	51-55	phd
BO113	0-Students	M	BOD2014	emilia-romagna	21-25	university-degree-ongoing
BO114	0-Students	F	BOD2015	veneto	21-25	university-degree-ongoing
BO115	0-Students	M	BOA3015;BOD2013;BOD2014;BOD2015	emilia-romagna	21-25	university-degree-ongoing
BO117	2-Professionals	F	BOC1008;BOC1009;BOA1025	lombardia	36-40	phd
BO118	0-Students	F	BOD2018	marche	21-25	university-degree-ongoing
BO119	0-Students	F	BOD2016;BOD2017;BOD2019	umbria	21-25	university-degree-ongoing
BO120	0-Students	M	BOD2016	puglia	26-30	university-degree-ongoing
BO121	0-Students	M	BOD2017	abruzzo	21-25	university-degree-ongoing
BO122	0-Students	M	BOD2019	umbria	21-25	university-degree-ongoing
BO139	0-Students	M	BOA3016;BOA3017;BOA3018	emilia-romagna	21-25	university-degree-ongoing
BO140	0-Students	F	BOD2018	marche	26-30	university-degree-ongoing
BO141	0-Students	F	BOC1008	emilia-romagna	21-25	university-degree-ongoing
BO142	0-Students	F	BOC1009	toscana	21-25	university-degree-ongoing
BO143	0-Students	F	BOC1006	N/A	N/A	university-degree-ongoing
BO144	0-Students	F	BOC1007	emilia-romagna	21-25	university-degree-ongoing
BO145	0-Students	F	BOA3017;BOA3018	emilia-romagna	21-25	university-degree-ongoing
BO146	0-Students	M	BOA3017	marche	21-25	university-degree-ongoing
BO147	0-Students	M	BOA3017	marche	21-25	university-degree-ongoing
BO148	0-Students	F	BOA3016	lombardia	21-25	university-degree-ongoing
BO149	0-Students	M	BOA3019	emilia-romagna	21-25	university-degree-ongoing
BO150	0-Students	M	BOA3019	emilia-romagna	21-25	university-degree-ongoing
BO151	0-Students	M	BOA3019	emilia-romagna	21-25	university-degree-ongoing
BO152	0-Students	F	BOA3019;BOA3020	emilia-romagna	21-25	university-degree-ongoing
BO153	0-Students	F	BOA3020	emilia-romagna	21-25	university-degree-ongoing
BO154	0-Students	M	BOA3020	veneto	21-25	university-degree-ongoing
BO155	0-Students	F	BOA3021	emilia-romagna	21-25	university-degree-ongoing
BO156	0-Students	M	BOA3021	emilia-romagna	21-25	university-degree-ongoing
BO157	0-Students	M	BOA3021	emilia-romagna	21-25	university-degree-ongoing
BO158	0-Students	M	BOA3021	emilia-romagna	21-25	university-degree-ongoing
T0032	0-Students	M	TOA3005	piemonte	21-25	university-degree-ongoing
TO002	2-Professionals	M	TOC1001	toscana	46-50	phd
TO003	0-Students	M	TOC1001	piemonte	21-25	university-degree-ongoing
TO004	2-Professionals	M	TOD1002	N/A	N/A	phd
TO006	2-Professionals	M	TOC1002;TOC1003	piemonte	56-60	phd
TO007	0-Students	M	TOC1002	piemonte	21-25	university-degree-ongoing
TO008	0-Students	M	TOC1003	piemonte	31-35	university-degree-ongoing
TO017	2-Professionals	M	TOD1005;TOD1005bis	piemonte	31-35	phd
TO018	2-Professionals	M	TOC1004	piemonte	61-65	phd
TO019	0-Students	F	TOC1004	sicilia	21-25	university-degree-ongoing
TO020	2-Professionals	F	TOC1004	piemonte	41-45	phd
TO021	0-Students	F	TOC1005	piemonte	21-25	university-degree-ongoing
TO022	0-Students	F	TOC1006	campania	21-25	university-degree-ongoing
TO023	0-Students	M	TOC1007	piemonte	21-25	university-degree-ongoing
TO024	2-Professionals	F	TOC1005;TOC1006;TOC1007	piemonte	56-60	phd
TO026	2-Professionals	M	TOA1001;TOA1002	piemonte	41-45	phd
TO027	0-Students	M	TOA1001	piemonte	21-25	university-degree-ongoing
TO028	0-Students	F	TOA1002	piemonte	21-25	university-degree-ongoing
TO029	0-Students	F	TOA3001;TOA3002;TOA3003	piemonte	21-25	university-degree-ongoing
TO030	0-Students	F	TOA3005;TOA3006	liguria	21-25	university-degree-ongoing
TO031	0-Students	M	TOA3004	piemonte	21-25	university-degree-ongoing
TO033	0-Students	F	TOA3001	piemonte	21-25	university-degree-ongoing
TO034	0-Students	F	TOA3001	puglia	26-30	university-degree-ongoing
TO035	0-Students	M	TOA3002	piemonte	21-25	university-degree-ongoing
TO036	0-Students	F	TOA3003	lombardia	21-25	university-degree-ongoing
TO037	0-Students	F	TOA3003	piemonte	21-25	university-degree-ongoing
TO038	0-Students	M	TOA3004	piemonte	21-25	university-degree-ongoing
TO039	0-Students	M	TOA3004	piemonte	21-25	university-degree-ongoing
TO040	0-Students	F	TOA3004	piemonte	21-25	university-degree-ongoing
TO041	0-Students	F	TOD2005	piemonte	21-25	university-degree-ongoing
TO042	0-Students	M	TOD2006	piemonte	21-25	university-degree-ongoing
TO043	0-Students	F	TOD2007	piemonte	21-25	university-degree-ongoing
TO044	0-Students	F	TOD2008	piemonte	21-25	university-degree-ongoing
TO045	0-Students	F	TOD2009	piemonte	21-25	university-degree-ongoing
TO046	0-Students	M	TOD2010	piemonte	21-25	university-degree-ongoing
TO047	0-Students	F	TOD2011	piemonte	21-25	university-degree-ongoing
TO048	0-Students	F	TOA3007;TOA3008;TOA3009	sicilia	21-25	university-degree-ongoing
TO050	0-Students	M	TOA3007;TOA3008	campania	21-25	university-degree-ongoing
TO051	0-Students	F	TOA3008	calabria	26-30	university-degree-ongoing
TO052	0-Students	M	TOA3008;TOA3009	sicilia	26-30	university-degree-ongoing
TO053	0-Students	F	TOA3009	sicilia	21-25	university-degree-ongoing
TO054	0-Students	F	TOA3006	N/A	N/A	university-degree-ongoing
TO055	0-Students	F	TOD2005;TOD2007;TOD2008;TOD2009;TOD2010;TOD2011	piemonte	21-25	university-degree-ongoing
TO056	0-Students	F	TOD2012	piemonte	31-35	university-degree-ongoing
TO057	0-Students	F	TOD2013	calabria	26-30	university-degree-ongoing
TO058	0-Students	F	TOD2013	lombardia	21-25	university-degree-ongoing
TO059	0-Students	F	TOD2014	umbria	21-25	university-degree-ongoing
TO060	0-Students	F	TOD2014	marche	21-25	university-degree-ongoing
TO061	0-Students	F	TOA1003	valle-d-aosta	21-25	university-degree-ongoing
TO062	2-Professionals	F	TOD1008	valle-d-aosta	51-55	phd
TO065	2-Professionals	M	TOA1003	piemonte	51-55	phd
TO068	2-Professionals	F	TOD1014	sicilia	36-40	phd
TO069	2-Professionals	M	TOD1015	calabria	46-50	phd
TO070	2-Professionals	F	TOD1016	piemonte	46-50	phd
TO071	0-Students	M	TOD2012;TOD2013;TOD2014;TOD2015;TOD2016;TOA1003	abruzzo	31-35	university-degree-ongoing
TO072	0-Students	F	TOA1004	piemonte	21-25	university-degree-ongoing
TO073	0-Students	F	TOD2015;TOA1004;TOD2015	piemonte	21-25	university-degree-ongoing
TO074	2-Professionals	M	TOA1004;TOA1006	piemonte	41-45	phd
TO075	2-Professionals	M	TOA1005	friuli-venezia-giulia	41-45	phd
TO076	0-Students	F	TOA1005	liguria	21-25	university-degree-ongoing
TO077	2-Professionals	M	TOD1017	piemonte	61-65	phd
TO078	0-Students	F	TOA1006	piemonte	21-25	university-degree-ongoing
TO079	0-Students	M	TOA1006	piemonte	21-25	university-degree-ongoing
TO080	0-Students	F	TOD2016	lombardia	21-25	university-degree-ongoing
TO081	0-Students	F	TOD2002	piemonte	21-25	university-degree-ongoing
TO082	0-Students	F	TOD2001	piemonte	21-25	university-degree-ongoing
TO083	0-Students	F	TOD2003	piemonte	21-25	university-degree-ongoing
TO084	0-Students	F	TOD2004	piemonte	21-25	university-degree-ongoing
TO085	0-Students	F	TOA3010;TOA3011;TOA3012;TOA3013;TOA3014	lombardia	21-25	university-degree-ongoing
TO086	0-Students	F	TOA3010;TOA3011	piemonte	21-25	university-degree-ongoing
TO087	0-Students	F	TOA3011	piemonte	21-25	university-degree-ongoing
TO088	0-Students	F	TOA3011	piemonte	21-25	university-degree-ongoing
TO089	0-Students	F	TOA3012	piemonte	21-25	university-degree-ongoing
TO090	0-Students	F	TOA3012	piemonte	21-25	university-degree-ongoing
TO091	0-Students	F	TOA3014;TOA3012	umbria	21-25	university-degree-ongoing
TO092	0-Students	F	TOA3013	lombardia	21-25	university-degree-ongoing
TO093	0-Students	M	TOA3013	puglia	21-25	university-degree-ongoing
TO094	0-Students	F	TOA3013	lombardia	21-25	university-degree-ongoing
TO095	0-Students	F	TOA3014	umbria	21-25	university-degree-ongoing
TO999	2-Professionals	M	TOD2001;TOD2002;TOD2003;TOD2004;TOD2006;BOD2001;BOA1025;BOD1001	piemonte	26-30	phd
PKP001	0-Students	F	KPS006;KPS005	basilicata	21-25	university-degree-ongoing
PKP003	0-Students	M	KPS005;KPS006	basilicata	16-20	university-degree-ongoing
PKP004	2-Professionals	F	KPS005;KPS006	puglia	51-55	tecnical-workhnical-vocational-diploma
PKP005	4-Clerical-Workers	M	KPS005;KPS006	basilicata	56-60	liceo-diploma
PKP006	2-Professionals	F	KPS006	basilicata	81-85	university-degree
PKP007	2-Professionals	F	KPN001	piemonte	26-30	phd
PKP008	0-Retired	F	KPN020	veneto	56-60	middle-school
PKP009	2-Professionals	F	KPN019	veneto	56-60	university-degree
PKP010	4-Clerical-Workers	F	KPS003	abruzzo	51-55	university-degree
PKP011	0-Students	M	KPN002	estero	21-25	university-degree-ongoing
PKP012	N/A	F	KPN002	veneto	21-25	N/A
PKP013	0-Students	F	KPN003;KPN004;KPN005;KPN007	emilia-romagna	21-25	university-degree-ongoing
PKP014	0-Unemployed	F	KPN003;KPN005;KPN006	emilia-romagna	21-25	university-degree
PKP015	3-Technicians	F	KPN003;KPN005	emilia-romagna	21-25	university-degree
PKP016	4-Clerical-Workers	F	KPN004;KPN007	emilia-romagna	51-55	tecnical-workhnical-vocational-diploma
PKP017	4-Clerical-Workers	M	KPN004;KPN007	emilia-romagna	51-55	phd
PKP018	3-Technicians	F	KPN005	emilia-romagna	51-55	tecnical-workhnical-vocational-diploma
PKP019	0-Retired	M	KPN006	emilia-romagna	81-85	primary-school
PKP020	0-Students	M	KPN006	emilia-romagna	16-20	university-degree-ongoing
PKP021	3-Technicians	M	KPN006	emilia-romagna	51-55	tecnical-workhnical-vocational-diploma
PKP022	0-Retired	F	KPN007	emilia-romagna	76-80	tecnical-workhnical-vocational-diploma
PKP023	0-Students	M	KPN009	sicilia	16-20	university-degree-ongoing
PKP024	0-Students	F	KPC003;KPN010	toscana	21-25	university-degree-ongoing
PKP025	0-Students	F	KPC001	marche	21-25	university-degree-ongoing
PKP026	4-Clerical-Workers	F	KPC001	marche	51-55	tecnical-workhnical-vocational-diploma
PKP027	4-Clerical-Workers	M	KPC004	lazio	26-30	university-degree
PKP028	0-Students	F	KPC004	lazio	26-30	university-degree-ongoing
PKP029	0-Students	F	KPN010	toscana	21-25	university-degree-ongoing
PKP030	0-Students	M	KPN019;KPN020	veneto	21-25	university-degree-ongoing
PKP031	0-Students	M	KPN002	veneto	21-25	university-degree-ongoing
PKP032	4-Clerical-Workers	M	KPN020	estero	56-60	tecnical-workhnical-vocational-diploma
PKP033	2-Professionals	F	KPN031;KPS004	emilia-romagna	26-30	university-degree
PKP034	0-Retired	F	KPS004	puglia	81-85	tecnical-workhnical-vocational-diploma
PKP035	0-Retired	M	KPS004	puglia	over 85	tecnical-workhnical-vocational-diploma
PKP036	2-Professionals	F	KPN031	lazio	26-30	university-degree
PKP037	2-Professionals	M	KPN031	lazio	26-30	university-degree
PKP038	2-Professionals	F	KPN002	veneto	21-25	university-degree
PKP039	2-Professionals	M	KPS008;KPS009;KPS010;KPS011	puglia	56-60	university-degree
PKP040	4-Clerical-Workers	F	KPS008;KPS009;KPS010;KPS011	estero	51-55	university-degree
PKP041	2-Professionals	F	KPS008;KPS009;KPS010;KPS011	puglia	21-25	liceo-diploma
PKP042	2-Professionals	M	KPS009	puglia	16-20	liceo-diploma
PKP043	2-Professionals	M	KPN012;KPS013	puglia	21-25	liceo-diploma
PKP044	2-Professionals	F	KPN012	puglia	21-25	liceo-diploma
PKP045	2-Professionals	M	KPN012	puglia	21-25	university-degree
PKP046	2-Professionals	F	KPN012	puglia	16-20	liceo-diploma
PKP047	2-Professionals	M	KPS010	puglia	21-25	phd
PKP048	0-Unemployed	F	KPS011	veneto	81-85	primary-school
PKP049	0-Unemployed	F	KPS012	puglia	51-55	tecnical-workhnical-vocational-diploma
PKP050	2-Professionals	F	KPS012	puglia	21-25	liceo-diploma
PKP051	0-Students	F	KPS012	puglia	16-20	middle-school
PKP052	2-Professionals	F	KPS013	puglia	51-55	university-degree
PKP053	0-Students	F	KPS013	puglia	16-20	middle-school
PKP054	0-Students	F	KPN009	friuli-venezia-giulia	21-25	university-degree-ongoing
PKP055	5-Service-Workers	M	KPN009	toscana	21-25	tecnical-workhnical-vocational-diploma
PKP056	2-Professionals	F	KPC002	toscana	51-55	university-degree
PKP057	0-Students	F	KPN013;KPN014;KPN015;KPN016;KPN017	emilia-romagna	21-25	university-degree-ongoing
PKP058	0-Students	F	KPN013	emilia-romagna	21-25	university-degree-ongoing
PKP059	0-Students	F	KPN013	emilia-romagna	21-25	university-degree-ongoing
PKP060	0-Students	M	KPN014	emilia-romagna	26-30	university-degree-ongoing
PKP061	8-Elementary	F	KPN015;KPN016;KPN017	emilia-romagna	56-60	tecnical-workhnical-vocational-diploma
PKP062	3-Technicians	M	KPN015	emilia-romagna	56-60	university-degree
PKP063	0-Students	M	KPC005;KPC006;KPC007;KPC008	marche	21-25	university-degree-ongoing
PKP064	6-Craft-Workers	M	KPC005	marche	56-60	middle-school
PKP065	4-Clerical-Workers	F	KPC005	calabria	56-60	tecnical-workhnical-vocational-diploma
PKP066	0-Retired	F	KPC006	marche	76-80	primary-school
PKP067	0-Students	F	KPC007	marche	16-20	university-degree-ongoing
PKP068	0-Students	F	KPC007	marche	21-25	university-degree-ongoing
PKP069	2-Professionals	F	KPC008	piemonte	46-50	phd
PKP070	0-Students	M	KPN022;KPN021;KPN023;KPN024	veneto	21-25	university-degree-ongoing
PKP071	0-Students	F	KPN023	veneto	21-25	university-degree-ongoing
PKP072	N/A	F	KPN021	veneto	21-25	N/A
PKP073	0-Students	M	KPN021	veneto	16-20	university-degree-ongoing
PKP074	0-Unemployed	F	KPN021	veneto	51-55	middle-school
PKP075	0-Students	F	KPN022	veneto	16-20	middle-school
PKP076	6-Craft-Workers	F	KPN022	veneto	56-60	middle-school
PKP077	6-Craft-Workers	M	KPN022	veneto	56-60	middle-school
PKP078	0-Students	F	KPN023	veneto	21-25	university-degree-ongoing
PKP079	0-Students	F	KPN023	veneto	21-25	university-degree-ongoing
PKP080	0-Students	F	KPN024	veneto	21-25	university-degree-ongoing
PKP081	0-Retired	M	KPS015	campania	81-85	tecnical-workhnical-vocational-diploma
PKP082	0-Retired	F	KPS015	campania	76-80	university-degree
PKP083	0-Students	F	KPS015;KPS016;KPS017	sardegna	21-25	university-degree-ongoing
PKP084	3-Technicians	M	KPS016	sardegna	51-55	phd
PKP085	0-Students	M	KPS016;KPS017	sardegna	16-20	university-degree-ongoing
PKP086	0-Retired	M	KPS017	sardegna	81-85	middle-school
PKP087	0-Retired	F	KPS017	sardegna	81-85	middle-school
PKP088	0-Students	F	KPC009	umbria	21-25	university-degree-ongoing
PKP089	6-Craft-Workers	F	KPC009	umbria	21-25	tecnical-workhnical-vocational-diploma
PKP090	0-Students	F	KPC009	umbria	21-25	university-degree-ongoing
PKP091	0-Students	F	KPN010	veneto	16-20	university-degree-ongoing
PKP092	0-Students	F	KPN010	toscana	21-25	university-degree-ongoing
PKP093	0-Students	M	KPC003;KPN009;KPC002	toscana	21-25	university-degree-ongoing
PKP094	2-Professionals	M	KPC002	toscana	51-55	phd
PKP095	2-Professionals	M	KPS014	puglia	61-65	university-degree
PKP096	2-Professionals	F	KPS014	puglia	61-65	university-degree
PKP097	2-Professionals	M	KPS014	puglia	26-30	university-degree
PKP100	0-Students	F	KPS001	calabria	21-25	university-degree-ongoing
PKP101	2-Professionals	F	KPS001	lazio	56-60	phd
PKP102	3-Technicians	M	KPS001	campania	61-65	tecnical-workhnical-vocational-diploma
PKP103	0-Students	F	KPS001;KPS002	calabria	21-25	university-degree-ongoing
PKP104	0-Students	F	KPS002	calabria	21-25	university-degree-ongoing
PKP105	2-Professionals	F	KPS002	calabria	51-55	phd
PKP106	4-Clerical-Workers	F	KPN018	sicilia	51-55	tecnical-workhnical-vocational-diploma
PKP107	0-Students	F	KPN025;KPN026	emilia-romagna	21-25	university-degree-ongoing
PKP108	2-Professionals	F	KPN025	marche	81-85	university-degree
PKP109	2-Professionals	F	KPN025	marche	51-55	university-degree
PKP110	0-Students	F	KPN025	emilia-romagna	16-20	middle-school
PKP111	3-Technicians	M	KPN026	campania	26-30	university-degree
PKP112	0-Students	F	KPN028	emilia-romagna	21-25	university-degree-ongoing
PKP113	0-Students	F	KPN026	emilia-romagna	21-25	university-degree-ongoing
PKP114	3-Technicians	F	KPN026	emilia-romagna	21-25	university-degree
PKP115	0-Students	F	KPN027	emilia-romagna	16-20	middle-school
PKP116	0-Retired	F	KPN027	sicilia	76-80	primary-school
PKP118	2-Professionals	F	KPN028	marche	51-55	university-degree
PKP119	5-Service-Workers	M	KPN028	sicilia	51-55	middle-school
PKP120	0-Students	F	KPN011	emilia-romagna	26-30	university-degree-ongoing
PKP121	0-Students	M	KPN011	emilia-romagna	31-35	university-degree-ongoing
PKP122	2-Professionals	M	KPN011	estero	71-75	phd
PKP123	0-Unemployed	F	KPN011	estero	61-65	tecnical-workhnical-vocational-diploma
PKP124	0-Students	F	KPN002	veneto	21-25	university-degree-ongoing
PKP125	0-Students	M	KPS021;KPS022;KPS023;KPS024;KPS025	campania	26-30	university-degree-ongoing
PKP126	0-Unemployed	M	KPS021	campania	26-30	university-degree
PKP127	0-Students	F	KPS021	campania	26-30	university-degree-ongoing
PKP128	5-Service-Workers	F	KPS022	campania	26-30	tecnical-workhnical-vocational-diploma
PKP129	5-Service-Workers	F	KPS022	campania	26-30	tecnical-workhnical-vocational-diploma
PKP130	2-Professionals	F	KPS023	campania	31-35	university-degree
PKP131	0-Unemployed	F	KPS024	campania	21-25	tecnical-workhnical-vocational-diploma
PKP132	0-Retired	F	KPS025	campania	61-65	tecnical-workhnical-vocational-diploma
PKP133	0-Retired	M	KPS025	campania	71-75	primary-school
PKP134	2-Professionals	F	KPS007	abruzzo	26-30	university-degree
PKP135	2-Professionals	F	KPS007;KPS003;KPN001	abruzzo	21-25	liceo-diploma
PKP136	0-Students	M	KPN03;KPN029;KPS018	basilicata	21-25	university-degree-ongoing
PKP137	2-Professionals	F	KPS018	basilicata	56-60	university-degree
PKP138	2-Professionals	M	KPS018	basilicata	61-65	university-degree
PKP139	0-Students	F	KPN029	basilicata	21-25	university-degree-ongoing
PKP140	2-Professionals	F	KPN029	basilicata	26-30	university-degree
PKP141	0-Students	F	KPN030	basilicata	21-25	university-degree-ongoing
PKP142	0-Students	F	KPN030	basilicata	21-25	university-degree-ongoing
PKP143	0-Students	F	KPN019	veneto	16-20	middle-school
PKP144	2-Professionals	M	KPN019	veneto	61-65	university-degree
PKP145	0-Students	F	KPN018	veneto	21-25	university-degree-ongoing
PKP146	3-Technicians	M	KPN018	veneto	56-60	tecnical-workhnical-vocational-diploma
PKP147	0-Students	F	KPC011	umbria	21-25	university-degree-ongoing
PKP148	0-Retired	M	KPC011	toscana	81-85	primary-school
PKP149	0-Retired	F	KPC011	toscana	76-80	primary-school
BOI001	4-Clerical-Workers	M	PBC001	emilia-romagna	61-65	technical-vocational-diploma
BOI002	5-Service-Workers	F	PBB001	estero	51-55	liceo-diploma
BOI003	4-Clerical-Workers	F	PBB002	emilia-romagna	56-60	technical-vocational-diploma
BOI004	2-Professionals	F	PBB003	emilia-romagna	46-50	liceo-diploma
BOI005	4-Clerical-Workers	M	PBB003	emilia-romagna	51-55	technical-vocational-diploma
BOI006	4-Clerical-Workers	F	PBA001	emilia-romagna	26-30	university-degree
BOI007	3-Technicians	F	PBC002	emilia-romagna	71-75	middle-school
BOI008	3-Technicians	M	PBC002	emilia-romagna	76-80	liceo-diploma
BOI009	0-Retired	F	PBC003	emilia-romagna	71-75	primary-school
BOI010	0-Retired	M	PBC003	emilia-romagna	71-75	middle-school
BOI011	0-Retired	F	PBC004	emilia-romagna	66-70	university-degree
BOI012	7-Plant-Operators	M	PBB004	emilia-romagna	56-60	technical-vocational-diploma
BOI013	3-Technicians	F	PBB004	calabria	56-60	technical-vocational-diploma
BOI014	0-Retired	F	PBC005	emilia-romagna	76-80	liceo-diploma
BOI015	3-Technicians	F	PBB005	emilia-romagna	56-60	technical-vocational-diploma
BOI016	3-Technicians	M	PBB005	emilia-romagna	56-60	technical-vocational-diploma
BOI017	6-Craft-Workers	F	PBC006	emilia-romagna	66-70	liceo-diploma
BOI018	3-Technicians	M	PBC006	emilia-romagna	71-75	university-degree
BOI019	0-Retired	F	PBC007	emilia-romagna	over 85	liceo-diploma
BOI020	2-Professionals	M	PBB006	emilia-romagna	51-55	university-degree
BOI021	0-Retired	F	PBC008	emilia-romagna	71-75	liceo-diploma
BOI022	0-Retired	M	PBC009	emilia-romagna	71-75	university-degree
BOI023	0-Retired	F	PBC009	emilia-romagna	71-75	university-degree
BOI024	3-Technicians	F	PBB007	emilia-romagna	36-40	technical-vocational-diploma
BOI025	5-Service-Workers	M	PBB007	emilia-romagna	31-35	technical-vocational-diploma
BOI026	2-Professionals	F	PBB008	emilia-romagna	46-50	university-degree
BOI027	2-Professionals	M	PBB009	calabria	31-35	university-degree
BOI028	2-Professionals	F	PBB009	molise	71-75	university-degree
BOI029	2-Professionals	F	PBC010	emilia-romagna	61-65	university-degree
BOI030	5-Service-Workers	F	PBB010	estero	31-35	middle-school
BOI031	5-Service-Workers	F	PBB011	basilicata	31-35	technical-vocational-diploma
BOI032	0-Retired	F	PBC011	emilia-romagna	76-80	technical-vocational-diploma
BOI033	0-Retired	F	PBC012	emilia-romagna	61-65	middle-school
BOI034	0-Retired	M	PBC012	emilia-romagna	over 85	primary-school
BOI035	0-Retired	F	PBC013	emilia-romagna	76-80	technical-vocational-diploma
BOI036	0-Retired	M	PBC014	emilia-romagna	76-80	primary-school
BOI037	0-Retired	M	PBC015	emilia-romagna	61-65	university-degree
BOI038	2-Professionals	M	PBC016	piemonte	61-65	university-degree
BOI039	5-Service-Workers	M	PBB012	emilia-romagna	51-55	university-degree
BOI040	7-Plant-Operators	F	PBB013	emilia-romagna	46-50	technical-vocational-diploma
BOI041	7-Plant-Operators	F	PBB014	estero	46-50	liceo-diploma
BOI042	0-Retired	M	PBC017	emilia-romagna	71-75	middle-school
BOI043	0-Retired	M	PBC018	emilia-romagna	71-75	middle-school
BOI044	0-Retired	M	PBC019	emilia-romagna	66-70	technical-vocational-diploma
BOI045	7-Plant-Operators	M	PBB015	emilia-romagna	31-35	technical-vocational-diploma
BOI046	7-Plant-Operators	M	PBB015	campania	41-45	technical-vocational-diploma
BOI047	0-Retired	M	PBC020	emilia-romagna	71-75	liceo-diploma
BOI048	0-Retired	M	PBC020	emilia-romagna	71-75	liceo-diploma
BOI049	0-Unemployed	M	PBB016	emilia-romagna	51-55	technical-vocational-diploma
BOI050	4-Clerical-Workers	F	PBB017	sardegna	46-50	liceo-diploma
BOI051	0-Retired	F	PBC021	emilia-romagna	76-80	middle-school
BOI052	2-Professionals	F	PBB018	emilia-romagna	51-55	university-degree
BOI053	0-Students	F	PBA002	emilia-romagna	21-25	university-degree-ongoing
BOI054	6-Craft-Workers	M	PBA002	emilia-romagna	26-30	technical-vocational-diploma
BOI055	0-Retired	F	PBC022	emilia-romagna	76-80	primary-school
BOI056	2-Professionals	F	PBA003	lazio	26-30	university-degree
BOI057	2-Professionals	F	PBB019	emilia-romagna	51-55	university-degree
BOI058	0-Retired	F	PBC023	emilia-romagna	66-70	middle-school
BOI059	2-Professionals	F	PBB020	emilia-romagna	36-40	university-degree
BOI060	7-Plant-Operators	M	PBA004	emilia-romagna	21-25	technical-vocational-diploma
BOI061	5-Service-Workers	F	PBA004	emilia-romagna	21-25	technical-vocational-diploma
BOI062	0-Students	F	PBA004	calabria	21-25	university-degree-ongoing
BOI063	4-Clerical-Workers	M	PBA005	emilia-romagna	21-25	technical-vocational-diploma
BOI064	0-Unemployed	F	PBA006	emilia-romagna	21-25	liceo-diploma
BOI065	2-Professionals	F	PBA007	emilia-romagna	16-20	liceo-diploma
BOI066	5-Service-Workers	F	PBA007	emilia-romagna	21-25	liceo-diploma
BOI067	0-Unemployed	F	PBA008	emilia-romagna	21-25	technical-vocational-diploma
BOI068	7-Plant-Operators	F	PBA009	emilia-romagna	16-20	technical-vocational-diploma
BOI069	6-Craft-Workers	M	PBA010	emilia-romagna	21-25	middle-school
BOI070	5-Service-Workers	M	PBA011	emilia-romagna	21-25	technical-vocational-diploma
BOI071	5-Service-Workers	M	PBA011	emilia-romagna	16-20	middle-school
BOI072	0-Unemployed	F	PBA012	emilia-romagna	21-25	liceo-diploma
BOI073	0-Students	M	PBA012	lazio	21-25	university-degree-ongoing
BOI074	4-Clerical-Workers	M	PBA013	emilia-romagna	21-25	technical-vocational-diploma
BOI075	0-Students	F	PBA013	calabria	21-25	university-degree-ongoing
BOI076	7-Plant-Operators	M	PBA014	emilia-romagna	21-25	technical-vocational-diploma
BOI077	0-Students	F	PBA015	emilia-romagna	16-20	university-degree-ongoing
BOI078	0-Students	M	PBA016	emilia-romagna	16-20	university-degree-ongoing
BOI079	0-Students	M	PBA016	emilia-romagna	16-20	university-degree-ongoing
BOI080	5-Service-Workers	M	PBA017	friuli-venezia-giulia	21-25	liceo-diploma
BOI081	7-Plant-Operators	M	PBA017	veneto	21-25	middle-school
BOI082	7-Plant-Operators	M	PBA018	campania	21-25	liceo-diploma
BOI083	0-Unemployed	M	PBA019	lazio	21-25	technical-vocational-diploma
BOI084	4-Clerical-Workers	M	PBA019	lazio	21-25	technical-vocational-diploma
BOI085	4-Clerical-Workers	M	PBB021	emilia-romagna	36-40	middle-school
BOI086	6-Craft-Workers	F	PBB022	emilia-romagna	56-60	technical-vocational-diploma
BOI087	4-Clerical-Workers	M	PBB023	emilia-romagna	51-55	technical-vocational-diploma
BOI088	4-Clerical-Workers	F	PBB023	emilia-romagna	51-55	middle-school
BOI089	5-Service-Workers	M	PBA020	estero	21-25	technical-vocational-diploma
BOI090	0-Students	F	PBA021	emilia-romagna	21-25	university-degree-ongoing
BOI091	4-Clerical-Workers	F	PBB024	emilia-romagna	46-50	technical-vocational-diploma
BOI092	6-Craft-Workers	F	PBB025	emilia-romagna	51-55	middle-school
BOI093	3-Technicians	F	PBB026	emilia-romagna	51-55	technical-vocational-diploma
BOI094	3-Technicians	M	PBB026	emilia-romagna	56-60	technical-vocational-diploma
BOI096	0-Students	F	PBA025	emilia-romagna	16-20	middle-school
BOI097	4-Clerical-Workers	M	PBB027	emilia-romagna	31-35	university-degree
BOI098	6-Craft-Workers	M	PBB027	emilia-romagna	31-35	technical-vocational-diploma
BOI099	6-Craft-Workers	M	PBB028	emilia-romagna	31-35	technical-vocational-diploma
BOI100	6-Craft-Workers	M	PBB028	emilia-romagna	31-35	technical-vocational-diploma
BOI101	3-Technicians	M	PBB029	emilia-romagna	31-35	liceo-diploma
BOI102	2-Professionals	F	PBB030	emilia-romagna	31-35	university-degree
BOI103	0-Retired	F	PBC024	emilia-romagna	over 85	middle-school
BOI104	0-Retired	F	PBC024	emilia-romagna	66-70	university-degree
BOI105	3-Technicians	M	PBA026	emilia-romagna	16-20	technical-vocational-diploma
BOI106	3-Technicians	M	PBA027	emilia-romagna	26-30	technical-vocational-diploma
BOI107	3-Technicians	F	PBA027	emilia-romagna	26-30	university-degree
BOI108	5-Service-Workers	F	PBB031	emilia-romagna	56-60	university-degree
BOI109	5-Service-Workers	M	PBB031	emilia-romagna	56-60	liceo-diploma
BOI110	0-Students	F	PBA028	emilia-romagna	21-25	university-degree-ongoing
BOI111	4-Clerical-Workers	M	PBA028	emilia-romagna	21-25	university-degree
BOI112	0-Retired	F	PBC025	emilia-romagna	61-65	university-degree
BOI113	0-Students	F	PBA029	toscana	16-20	university-degree-ongoing
BOI114	3-Technicians	M	PBA029	emilia-romagna	26-30	technical-vocational-diploma
BOI115	0-Students	F	PBA030	emilia-romagna	16-20	university-degree-ongoing
BOI116	0-Students	M	PBA030	emilia-romagna	21-25	university-degree-ongoing
BOI117	4-Clerical-Workers	F	PBB032	calabria	46-50	university-degree
BOI118	2-Professionals	M	PBB032	calabria	51-55	university-degree
BOI119	2-Professionals	M	PBB033	emilia-romagna	71-75	university-degree
BOR002	0-Students	F	PBC005;PBC009;PBC008;PBB003	emilia-romagna	21-25	university-degree-ongoing
BOR003	0-Students	F	PBC002;PBA001	emilia-romagna	21-25	university-degree-ongoing
BOR004	0-Students	F	PBC006;PBB008;PBC004	emilia-romagna	21-25	university-degree-ongoing
BOR005	0-Students	M	PBB013;PBB014;PBB007;PBC012;PBC008;PBC007;PBB004	marche	21-25	university-degree-ongoing
BOR006	0-Students	M	PBB016;PBB008;PBB012;PBC020	emilia-romagna	21-25	university-degree-ongoing
BOR007	0-Students	F	PBB010;PBB011;PBB009	lombardia	21-25	university-degree-ongoing
BOR008	0-Students	F	PBC011	sardegna	16-20	university-degree-ongoing
BOR009	0-Students	F	PBB015;PBB019;PBC017;PBC013	piemonte	21-25	university-degree-ongoing
BOR011	0-Students	M	PBB017	sardegna	21-25	university-degree-ongoing
BOR012	0-Students	F	PBC021	emilia-romagna	21-25	university-degree
BOR013	0-Students	F	PBB018	emilia-romagna	21-25	university-degree
BOR014	0-Students	F	PBC022	emilia-romagna	21-25	university-degree
BOR015	0-Students	F	PBA003	umbria	21-25	university-degree
BOR016	0-Students	F	PBC023	emilia-romagna	21-25	university-degree
BOR017	3-Technicians	M	PBB020	sicilia	21-25	technical-vocational-diploma
BOR018	0-Students	F	PBA013;PBA012;PBA004	calabria	21-25	university-degree-ongoing
BOR021	0-Students	F	PBA011	sicilia	21-25	university-degree-ongoing
BOR022	0-Students	F	PBA018;PBA016;PBA019;PBA017	marche	21-25	university-degree-ongoing
BOR023	0-Students	F	PBB021;PBA019	marche	21-25	university-degree-ongoing
BOR024	0-Students	F	PBB022	emilia-romagna	21-25	university-degree-ongoing
BOR027	0-Students	F	PBB023	emilia-romagna	21-25	university-degree-ongoing
BOR029	0-Students	M	PBA020	emilia-romagna	21-25	university-degree-ongoing
BOR032	0-Students	F	PBB026	emilia-romagna	16-20	university-degree-ongoing
BOR037	0-Students	F	PBB033	emilia-romagna	21-25	university-degree-ongoing
BOR001	0-Students	F	PBB001;PBB002;PBB005;PBC001;PBC010;PBB012;PBC003	emilia-romagna	21-25	university-degree-ongoing
BOR010	0-Students	F	PBC019;PBA002;PBC018;PBC014;PBC015;PBC016	emilia-romagna	21-25	university-degree-ongoing
BOR019	0-Students	F	PBA009;PBA010;PBA005;PBA014;PBA015	emilia-romagna	21-25	university-degree-ongoing
BOR020	0-Students	F	PBA006;PBA007;PBA008;PBA016	trentino-alto-adige	21-25	university-degree
BOR025	0-Students	F	PBB022;PBB030;PBC025	emilia-romagna	21-25	university-degree-ongoing
BOR026	0-Students	M	PBB021;PBB023	sardegna	21-25	university-degree-ongoing
BOR028	0-Students	F	PBA029;PBA020	toscana	21-25	university-degree-ongoing
BOR030	0-Students	F	PBA021;PBB024;PBB025	emilia-romagna	21-25	university-degree-ongoing
BOR031	0-Students	M	PBA028;PBA030;PBB026;PBB032;PBB031	emilia-romagna	21-25	university-degree-ongoing
BOR035	0-Students	F	PBC025;PBB030	sicilia	21-25	university-degree-ongoing
BOR036	2-Professionals	F	PBB027;PBB028;PBB029;PBC024;PBA027	emilia-romagna	31-35	phd
BOR034	0-Students	M	PBA025;PBA026	N/A	N/A	university-degree-ongoing
TOI001	7-Plant-Operators	M	PTA013;PTA001	piemonte	26-30	technical-vocational-diploma
TOI002	7-Plant-Operators	M	PTA002;PTA003	piemonte	26-30	technical-vocational-diploma
TOI003	7-Plant-Operators	M	PTA002;PTA003	piemonte	26-30	technical-vocational-diploma
TOI005	7-Plant-Operators	M	PTA005	piemonte	26-30	middle-school
TOI006	5-Service-Workers	M	PTA006	piemonte	26-30	technical-vocational-diploma
TOI007	5-Service-Workers	M	PTA007	piemonte	21-25	technical-vocational-diploma
TOI008	5-Service-Workers	M	PTD020	piemonte	31-35	liceo-diploma
TOI009	5-Service-Workers	M	PTD022	piemonte	31-35	technical-vocational-diploma
TOI010	5-Service-Workers	M	PTD019	piemonte	36-40	liceo-diploma
TOI011	5-Service-Workers	M	PTD019	lombardia	31-35	technical-vocational-diploma
TOI012	7-Plant-Operators	M	PTD021	piemonte	31-35	technical-vocational-diploma
TOI013	7-Plant-Operators	M	PTD021	puglia	21-25	technical-vocational-diploma
TOI014	0-Unemployed	M	PTA012	piemonte	16-20	technical-vocational-diploma
TOI015	7-Plant-Operators	M	PTA013	piemonte	26-30	technical-vocational-diploma
TOI017	0-Retired	M	PTB002;PTB003	puglia	over85	primary-school
TOI018	0-Retired	F	PTB002;PTB003	puglia	81-85	primary-school
TOI019	0-Retired	F	PTB004;PTB005	basilicata	over85	primary-school
TOI020	0-Retired	F	PTD001	basilicata	56-60	technical-vocational-diploma
TOI021	0-Retired	F	PTB007	sicilia	66-70	primary-school
TOI022	0-Retired	M	PTB001	puglia	61-65	primary-school
TOI023	0-Retired	M	PTB001	veneto	76-80	primary-school
TOI024	0-Retired	F	PTB008	piemonte	76-80	middle-school
TOI031	6-Craft-Workers	M	PTA018	piemonte	26-30	liceo-diploma
TOI032	7-Plant-Operators	M	PTA015	friuli-venezia-giulia	21-25	technical-vocational-diploma
TOI033	7-Plant-Operators	M	PTA016	piemonte	21-25	technical-vocational-diploma
TOI034	7-Plant-Operators	F	PTA017	piemonte	21-25	technical-vocational-diploma
TOI035	0-Retired	F	PTB009	piemonte	over85	liceo-diploma
TOI041	2-Professionals	F	PTD007	piemonte	46-50	university-degree
TOI042	0-Retired	M	PTD004	piemonte	66-70	university-degree
TOI043	2-Professionals	F	PTD004	piemonte	56-60	university-degree
TOI044	2-Professionals	F	PTD004	piemonte	56-60	university-degree
TOI048	2-Professionals	F	PTD003	sardegna	36-40	university-degree
TOI049	0-Retired	M	PTB014	veneto	over85	primary-school
TOI050	0-Retired	F	PTB014	puglia	over85	primary-school
TOI051	0-Retired	F	PTB015	piemonte	81-85	middle-school
TOI052	0-Students	F	PTB015	piemonte	16-20	liceo-diploma
TOI054	5-Service-Workers	F	PTD005	piemonte	56-60	technical-vocational-diploma
TOI055	5-Service-Workers	M	PTD006	piemonte	36-40	technical-vocational-diploma
TOI056	0-Retired	F	PTB018	piemonte	over85	technical-vocational-diploma
TOI058	7-Plant-Operators	M	PTD008	piemonte	41-45	technical-vocational-diploma
TOI059	4-Clerical-Workers	F	PTD008	piemonte	36-40	technical-vocational-diploma
TOI060	2-Professionals	M	PTD009	piemonte	41-45	university-degree
TOI064	2-Professionals	M	PTD010	piemonte	41-45	phd
TOI065	2-Professionals	F	PTD010	piemonte	36-40	university-degree
TOI066	2-Professionals	F	PTD011	piemonte	36-40	university-degree
TOI067	0-Retired	F	PTB021	friuli-venezia-giulia	76-80	technical-vocational-diploma
TOI068	2-Professionals	M	PTD012	lazio	46-50	university-degree
TOI069	0-Retired	F	PTB020	sicilia	66-70	primary-school
TOI070	0-Retired	M	PTB020	piemonte	71-75	technical-vocational-diploma
TOI071	0-Retired	F	PTB019	puglia	66-70	liceo-diploma
TOI072	2-Professionals	F	PTD015	piemonte	36-40	liceo-diploma
TOI073	2-Professionals	F	PTD015	piemonte	36-40	university-degree
TOI074	0-Students	F	PTD015	trentino-alto-adige	16-20	university-degree-ongoing
TOI075	0-Retired	M	PTB022	piemonte	over85	technical-vocational-diploma
TOI076	0-Unemployed	F	PTD016	piemonte	26-30	technical-vocational-diploma
TOI077	1-Managers	M	PTD016	piemonte	36-40	technical-vocational-diploma
TOI078	1-Managers	M	PTD017	piemonte	36-40	liceo-diploma
TOI080	0-Retired	M	PTB019	puglia	76-80	technical-vocational-diploma
TOI109	0-Retired	F	PTB024	veneto	76-80	primary-school
TOI110	8-Elementary	F	PTB024	piemonte	56-60	technical-vocational-diploma
TOI111	2-Professionals	F	PTD013	piemonte	56-60	liceo-diploma
TOI112	7-Plant-Operators	M	PTD014	piemonte	56-60	primary-school
TOI113	2-Professionals	M	PTB023	piemonte	61-65	university-degree
TOI116	0-Retired	F	PTB025	piemonte	66-70	liceo-diploma
TOI117	0-Retired	M	PTB025	piemonte	71-75	university-degree
TOI118	0-Retired	M	PTB026	piemonte	71-75	middle-school
TOI119	0-Retired	F	PTB026	veneto	71-75	middle-school
TOR001	2-Professionals	F	PTA003;PTA005;PTA006;PTA007;PTB025;PTB009;PTB018;PTB022;PTD019;PTD020;PTD022;PTD003;PTA013;PTA012;PTD009;PTD007;PTD021;PTB014;PTA002;PTD010;PTD015;PTD012;PTD008;PTD004;PTA001;PTD017	lombardia	26-30	phd
TOR002	2-Professionals	M	PTA003;PTA005;PTA006;PTB025;PTB022;PTA013;PTA012;PTD021;PTB014;PTA002;PTA001;PTB026	piemonte	26-30	phd
TOR003	2-Professionals	M	PTA002;PTA003;PTB009	piemonte	26-30	university-degree
TOR004	0-Students	F	PTB002;PTB003;PTB004;PTB005;PTB007;PTD001;PTD005;PTD006;PTD016	piemonte	21-25	university-degree-ongoing
TOR005	0-Students	M	PTB008;PTB001	abruzzo	31-35	university-degree-ongoing
TOR006	0-Students	F	PTA018;PTA015;PTA017;PTA016	piemonte	21-25	university-degree-ongoing
TOR007	0-Students	F	PTB015;PTB023	lombardia	21-25	university-degree-ongoing
TOR009	0-Students	F	PTB021;PTD011;PTB020;PTB019	sicilia	21-25	university-degree-ongoing
TOR010	N/A	F	PTD013;PTD014	piemonte	N/A	university-degree
TOR015	2-Professionals	M	PTB024	piemonte	31-35	phd
