token_id	speaker	tu_id	span	form	type	jefferson_feats	align	prolongations	pace	guesses	overlaps
0-0	BO095	0	ma	ma	linguistic	_	Begin=21.799	_	_	_	_
0-1	BO095	0	sei	sei	linguistic	_	_	_	_	_	_
0-2	BO095	0	vegetariana	vegetariana	linguistic	_	_	_	_	_	_
0-3	BO095	0	tu	tu	linguistic	_	_	_	_	_	_
0-4	BO095	0	se	se	linguistic	_	_	_	_	_	_
0-5	BO095	0	posso	posso	linguistic	_	_	_	_	_	_
0-6	BO095	0	chiedere?	chiedere	linguistic	Intonation=Rising	End=23.619	_	_	_	_
1-0	BO097	1	no	no	linguistic	_	Begin=23.619	_	_	_	_
1-1	BO097	1	no	no	linguistic	_	End=24.161	_	_	_	_
2-0	BO097	2	ho	ho	linguistic	_	Begin=25.203	_	_	_	_
2-1	BO097	2	solo	solo	linguistic	_	_	_	_	_	_
2-2	BO097	2	una	una	linguistic	_	_	_	_	_	_
2-3	BO097	2	gran	gran	linguistic	_	_	_	_	_	_
2-4	BO097	2	passione	passione	linguistic	_	_	_	_	_	_
2-5	BO097	2	per	per	linguistic	_	_	_	_	_	_
2-6	BO097	2	a:hm	ahm	linguistic	_	End=27.419	0x1	_	_	_
3-0	BO097	3	m::h	mh	linguistic	_	Begin=30.324	0x2	_	_	_
3-1	BO097	3	per	per	linguistic	_	_	_	_	_	_
3-2	BO097	3	questi	questi	linguistic	_	_	_	_	_	_
3-3	BO097	3	tortini	tortini	linguistic	_	End=32.011	_	_	_	_
4-0	BO095	4	quelli	quelli	linguistic	_	Begin=33.424	_	_	_	_
4-1	BO095	4	tipo	tipo	linguistic	_	_	_	_	_	_
4-2	BO095	4	col	col	linguistic	_	_	_	_	_	_
4-3	BO095	4	tofu::	tofu	linguistic	_	End=34.965	3x2	_	_	_
5-0	BO097	5	mhmh	mhmh	linguistic	_	Begin=35.14|End=35.535	_	_	_	_
6-0	BO097	6	comunque	comunque	linguistic	_	Begin=59.651	_	_	_	_
6-1	BO097	6	il	il	linguistic	_	_	_	_	_	_
6-2	BO097	6	crudo	crudo	linguistic	_	_	_	_	_	_
6-3	BO097	6	poi	poi	linguistic	_	_	_	_	_	_
6-4	BO097	6	l'	l'	linguistic	SpaceAfter=No	_	_	_	_	_
6-5	BO097	6	ho	ho	linguistic	_	_	_	_	_	_
6-6	BO097	6	preso	preso	linguistic	_	_	_	_	_	_
6-7	BO097	6	alla	alla	linguistic	_	_	_	_	_	_
6-8	BO097	6	fine	fine	linguistic	_	_	_	_	_	_
6-9	BO097	6	[(l'	l'	linguistic	SpaceAfter=No	_	_	_	0-2(0)	0-2(0)
6-10	BO097	6	altro	altro	linguistic	_	_	_	_	0-5(0)	0-5(0)
6-11	BO097	6	giorno)]	giorno	linguistic	_	End=62.063	_	_	0-5(0)	0-6(0)
7-0	BO095	7	[mhmh]	mhmh	linguistic	_	Begin=61.333|End=62.053	_	_	_	0-4(0)
8-0	BO095	8	quale	quale	linguistic	_	Begin=62.268	_	_	_	_
8-1	BO095	8	quale?	quale	linguistic	Intonation=Rising	End=62.807	_	_	_	_
9-0	BO097	9	quello	quello	linguistic	_	Begin=63.87	_	_	_	_
9-1	BO097	9	di	di	linguistic	_	_	_	_	_	_
9-2	BO097	9	parma	parma	linguistic	_	_	_	_	_	_
9-3	BO097	9	se	se	linguistic	_	_	_	_	_	_
9-4	BO097	9	non	non	linguistic	_	_	_	_	_	_
9-5	BO097	9	mi	mi	linguistic	_	_	_	_	_	_
9-6	BO097	9	sbaglio	sbaglio	linguistic	_	End=65.557	_	_	_	_
10-0	BO095	10	e	e	linguistic	_	Begin=65.557	_	_	_	_
10-1	BO095	10	questo	questo	linguistic	_	_	_	_	_	_
10-2	BO095	10	pure	pure	linguistic	_	End=66.292	_	_	_	_
11-0	BO095	11	è	è	linguistic	_	Begin=66.633	_	_	_	_
11-1	BO095	11	in	in	linguistic	_	_	_	_	_	_
11-2	BO095	11	offerta	offerta	linguistic	_	_	_	_	_	_
11-3	BO095	11	per	per	linguistic	_	_	_	_	_	_
11-4	BO095	11	ora	ora	linguistic	_	_	_	_	_	_
11-5	BO095	11	se	se	linguistic	_	_	_	_	_	_
11-6	BO095	11	ti	ti	linguistic	_	_	_	_	_	_
11-7	BO095	11	può	può	linguistic	_	_	_	_	_	_
11-8	BO095	11	interessare	interessare	linguistic	_	End=68.409	_	_	_	_
12-0	BO097	12	esatto	esatto	linguistic	_	Begin=68.409	_	_	_	_
12-1	BO097	12	infatti	infatti	linguistic	_	_	_	_	_	_
12-2	BO097	12	prendo	prendo	linguistic	_	_	_	_	_	_
12-3	BO097	12	quello	quello	linguistic	_	End=69.773	_	_	_	_
13-0	BO097	13	buono	buono	linguistic	_	Begin=71.446	_	_	_	_
13-1	BO097	13	comun[que	comunque	linguistic	_	_	_	_	_	5-8(1)
13-2	BO097	13	era]	era	linguistic	_	_	_	_	_	0-3(1)
13-3	BO097	13	proprio	proprio	linguistic	_	_	_	_	_	_
13-4	BO097	13	buono	buono	linguistic	_	_	_	_	_	_
13-5	BO097	13	sì	sì	linguistic	_	End=73.196	_	_	_	_
14-0	BO095	14	[mhmh]	mhmh	linguistic	_	Begin=71.891|End=72.207	_	_	_	0-4(1)
15-0	BO097	15	questo	questo	linguistic	_	Begin=74.238	_	_	_	_
15-1	BO097	15	qui	qui	linguistic	_	_	_	_	_	_
15-2	BO097	15	n~	n~	linguistic	Interrupted=Yes	_	_	_	_	_
15-3	BO097	15	è	è	linguistic	_	_	_	_	_	_
15-4	BO097	15	quello	quello	linguistic	_	_	_	_	_	_
15-5	BO097	15	dolce	dolce	linguistic	_	_	_	_	_	_
15-6	BO097	15	non	non	linguistic	_	_	_	_	_	_
15-7	BO097	15	è	è	linguistic	_	_	_	_	_	_
15-8	BO097	15	quello	quello	linguistic	_	_	_	_	_	_
15-9	BO097	15	salato	salato	linguistic	_	_	_	_	_	_
15-10	BO097	15	vero?	vero	linguistic	Intonation=Rising	End=76.669	_	_	_	_
16-0	BO095	16	credo	credo	linguistic	_	Begin=77.22	_	_	_	_
16-1	BO095	16	sia	sia	linguistic	_	_	_	_	_	_
16-2	BO095	16	quello	quello	linguistic	_	_	_	_	_	_
16-3	BO095	16	saporito	saporito	linguistic	_	_	_	_	_	_
16-4	BO095	16	questo	questo	linguistic	_	End=78.803	_	_	_	_
17-0	BO097	17	ah	ah	linguistic	_	Begin=79.159|End=79.419	_	_	_	_
18-0	BO095	18	non	non	linguistic	_	Begin=79.458	_	_	_	_
18-1	BO095	18	ha	ha	linguistic	_	_	_	_	_	_
18-2	BO095	18	sapore?	sapore	linguistic	Intonation=Rising	End=80.286	_	_	_	_
19-0	BO097	19	non	non	linguistic	_	Begin=81.543	_	_	_	_
19-1	BO097	19	so	so	linguistic	_	End=81.98	_	_	_	_
20-0	BO095	20	magari	magari	linguistic	_	Begin=84.357	_	_	_	_
20-1	BO095	20	mi	mi	linguistic	_	_	_	_	_	_
20-2	BO095	20	sbaglio	sbaglio	linguistic	_	_	_	_	_	_
20-3	BO095	20	eh	eh	linguistic	_	_	_	_	_	_
20-4	BO095	20	perché	perché	linguistic	_	_	_	_	_	_
20-5	BO095	20	non	non	linguistic	_	_	_	_	_	_
20-6	BO095	20	è	è	linguistic	_	_	_	_	_	_
20-7	BO095	20	che	che	linguistic	_	_	_	_	_	_
20-8	BO095	20	sia	sia	linguistic	_	_	_	_	_	_
20-9	BO095	20	questa	questa	linguistic	_	_	_	_	_	_
20-10	BO095	20	esperta	esperta	linguistic	_	End=86.592	_	_	_	_
21-0	BO097	21	no	no	linguistic	_	Begin=86.769	_	_	_	_
21-1	BO097	21	infatti	infatti	linguistic	_	_	_	_	_	_
21-2	BO097	21	neanch'	neanch'	linguistic	SpaceAfter=No	_	_	_	_	_
21-3	BO097	21	io	io	linguistic	_	End=87.896	_	_	_	_
22-0	BO097	22	cioè	cioè	linguistic	_	Begin=90.593	_	_	_	_
22-1	BO097	22	l'	l'	linguistic	SpaceAfter=No	_	_	_	_	_
22-2	BO097	22	hanno	hanno	linguistic	_	_	_	_	_	_
22-3	BO097	22	scelto:	scelto	linguistic	_	_	5x1	_	_	_
22-4	BO097	22	(.)	[PAUSE]	shortpause	_	_	_	_	_	_
22-5	BO097	22	i	i	linguistic	_	_	_	_	_	_
22-6	BO097	22	commessi	commessi	linguistic	_	End=93.226	_	_	_	_
23-0	BO095	23	mhmh,	mhmh	linguistic	Intonation=weakly_rising	Begin=93.55|End=94.011	_	_	_	_
24-0	BO097	24	tutte	tutte	linguistic	_	Begin=94.011	_	_	_	_
24-1	BO097	24	le	le	linguistic	_	_	_	_	_	_
24-2	BO097	24	volte	volte	linguistic	_	_	_	_	_	_
24-3	BO097	24	mi	mi	linguistic	_	_	_	_	_	_
24-4	BO097	24	chiedono	chiedono	linguistic	_	_	_	_	_	_
24-5	BO097	24	quale	quale	linguistic	_	_	_	_	_	_
24-6	BO097	24	vuoi?	vuoi	linguistic	Intonation=Rising	_	_	_	_	_
24-7	BO097	24	eh	eh	linguistic	_	_	_	_	_	_
24-8	BO097	24	non	non	linguistic	_	_	_	_	_	_
24-9	BO097	24	lo	lo	linguistic	_	_	_	_	_	_
24-10	BO097	24	so,	so	linguistic	Intonation=weakly_rising	_	_	_	_	_
24-11	BO097	24	le	le	linguistic	_	_	_	_	_	_
24-12	BO097	24	do	do	linguistic	_	_	_	_	_	_
24-13	BO097	24	quello	quello	linguistic	_	_	_	_	_	_
24-14	BO097	24	di	di	linguistic	_	_	_	_	_	_
24-15	BO097	24	parma	parma	linguistic	_	_	_	_	_	_
24-16	BO097	24	che	che	linguistic	_	_	_	_	_	_
24-17	BO097	24	è	è	linguistic	_	_	_	_	_	_
24-18	BO097	24	in	in	linguistic	_	_	_	_	_	_
24-19	BO097	24	offerta,	offerta	linguistic	Intonation=weakly_rising	_	_	_	_	_
24-20	BO097	24	va	va	linguistic	_	_	_	_	_	_
24-21	BO097	24	bene	bene	linguistic	_	End=99.377	_	_	_	_
25-0	BO095	25	((ride))	((ride))	nonverbalbehavior	_	Begin=96.05|End=96.77	_	_	_	_
26-0	BO095	26	e	e	linguistic	_	Begin=100.911	_	_	_	_
26-1	BO095	26	dentro	dentro	linguistic	_	_	_	_	_	_
26-2	BO095	26	di	di	linguistic	_	_	_	_	_	_
26-3	BO095	26	te	te	linguistic	_	_	_	_	_	_
26-4	BO095	26	ti	ti	linguistic	_	_	_	_	_	_
26-5	BO095	26	chiedi	chiedi	linguistic	_	_	_	_	_	_
26-6	BO095	26	ma	ma	linguistic	_	_	_	_	_	_
26-7	BO095	26	è	è	linguistic	_	_	_	_	_	_
26-8	BO095	26	dolce	dolce	linguistic	_	_	_	_	_	_
26-9	BO095	26	o	o	linguistic	_	_	_	_	_	_
26-10	BO095	26	saporito	saporito	linguistic	_	_	_	_	_	_
26-11	BO095	26	que[sto]?	questo	linguistic	Intonation=Rising	End=103.944	_	_	_	3-6(2)
27-0	BO097	27	[bo:]:h	boh	linguistic	_	Begin=103.564|End=104.096	1x2	_	_	0-2(2)
28-0	BO095	28	ma	ma	linguistic	_	Begin=115.061	_	_	_	_
28-1	BO095	28	io	io	linguistic	_	_	_	_	_	_
28-2	BO095	28	in	in	linguistic	_	_	_	_	_	_
28-3	BO095	28	genere	genere	linguistic	_	_	_	_	_	_
28-4	BO095	28	prendo	prendo	linguistic	_	_	_	_	_	_
28-5	BO095	28	quello	quello	linguistic	_	_	_	_	_	_
28-6	BO095	28	dolce	dolce	linguistic	_	_	_	_	_	_
28-7	BO095	28	così	così	linguistic	_	_	_	_	_	_
28-8	BO095	28	a	a	linguistic	_	_	_	_	_	_
28-9	BO095	28	sentimento	sentimento	linguistic	_	_	_	_	_	_
28-10	BO095	28	quindi::	quindi	linguistic	_	_	5x2	_	_	_
28-11	BO095	28	mi	mi	linguistic	_	_	_	_	_	_
28-12	BO095	28	sembra	sembra	linguistic	_	_	_	_	_	_
28-13	BO095	28	di	di	linguistic	_	_	_	_	_	_
28-14	BO095	28	notare	notare	linguistic	_	_	_	_	_	_
28-15	BO095	28	una	una	linguistic	_	_	_	_	_	_
28-16	BO095	28	una	una	linguistic	_	_	_	_	_	_
28-17	BO095	28	differenza,	differenza	linguistic	Intonation=weakly_rising	End=120.233	_	_	_	_
29-0	BO095	29	quindi	quindi	linguistic	_	Begin=121.005	_	_	_	_
29-1	BO095	29	(forse	forse	linguistic	_	_	_	_	0-5(0)	_
29-2	BO095	29	ma)	ma	linguistic	_	_	_	_	0-2(0)	_
29-3	BO095	29	non	non	linguistic	_	_	_	_	_	_
29-4	BO095	29	lo	lo	linguistic	_	_	_	_	_	_
29-5	BO095	29	so	so	linguistic	_	End=122.133	_	_	_	_
30-0	BO097	30	ma	ma	linguistic	_	Begin=141.961	_	_	_	_
30-1	BO097	30	ieri	ieri	linguistic	_	_	_	_	_	_
30-2	BO097	30	sera	sera	linguistic	_	_	_	_	_	_
30-3	BO097	30	non	non	linguistic	_	_	_	_	_	_
30-4	BO097	30	c'	c'	linguistic	SpaceAfter=No	_	_	_	_	_
30-5	BO097	30	e::ri	eri	linguistic	_	_	0x2	_	_	_
30-6	BO097	30	tu,	tu	linguistic	Intonation=weakly_rising	End=143.394	_	_	_	_
31-0	BO097	31	o	o	linguistic	_	Begin=143.857	_	_	_	_
31-1	BO097	31	sì?	sì	linguistic	Intonation=Rising	_	_	_	_	_
31-2	BO097	31	eri	eri	linguistic	_	_	_	_	_	_
31-3	BO097	31	in	in	linguistic	_	_	_	_	_	_
31-4	BO097	31	stanza	stanza	linguistic	_	End=145.233	_	_	_	_
32-0	BO095	32	sono	sono	linguistic	_	Begin=145.466	_	_	_	_
32-1	BO095	32	torna::ta,	tornata	linguistic	Intonation=weakly_rising	_	4x2	_	_	_
32-2	BO095	32	a	a	linguistic	_	_	_	_	_	_
32-3	BO095	32	che	che	linguistic	_	_	_	_	_	_
32-4	BO095	32	ora	ora	linguistic	_	_	_	_	_	_
32-5	BO095	32	ieri,	ieri	linguistic	Intonation=weakly_rising	End=147.316	_	_	_	_
33-0	BO097	33	io	io	linguistic	_	Begin=149.494	_	_	_	_
33-1	BO097	33	sono	sono	linguistic	_	_	_	_	_	_
33-2	BO097	33	uscita	uscita	linguistic	_	_	_	_	_	_
33-3	BO097	33	a	a	linguistic	_	_	_	_	_	_
33-4	BO097	33	ce:na	cena	linguistic	_	_	1x1	_	_	_
33-5	BO097	33	cioè	cioè	linguistic	_	_	_	_	_	_
33-6	BO097	33	un	un	linguistic	_	_	_	_	_	_
33-7	BO097	33	po'	po'	linguistic	_	_	_	_	_	_
33-8	BO097	33	tardi	tardi	linguistic	_	_	_	_	_	_
33-9	BO097	33	però	però	linguistic	_	_	_	_	_	_
33-10	BO097	33	a	a	linguistic	_	_	_	_	_	_
33-11	BO097	33	cena	cena	linguistic	_	End=152.244	_	_	_	_
34-0	BO095	34	m::h	mh	linguistic	_	Begin=154.621	0x2	_	_	_
34-1	BO095	34	che	che	linguistic	_	_	_	_	_	_
34-2	BO095	34	ho	ho	linguistic	_	_	_	_	_	_
34-3	BO095	34	fatto	fatto	linguistic	_	_	_	_	_	_
34-4	BO095	34	ieri	ieri	linguistic	_	_	_	_	_	_
34-5	BO095	34	non	non	linguistic	_	_	_	_	_	_
34-6	BO095	34	mi	mi	linguistic	_	_	_	_	_	_
34-7	BO095	34	ricordo	ricordo	linguistic	_	End=156.422	_	_	_	_
35-0	BO095	35	((ride))	((ride))	nonverbalbehavior	_	Begin=156.604|End=156.913	_	_	_	_
36-0	BO097	36	no	no	linguistic	_	Begin=157.101	_	_	_	_
36-1	BO097	36	magari	magari	linguistic	_	_	_	_	_	_
36-2	BO097	36	eri	eri	linguistic	_	_	_	_	_	_
36-3	BO097	36	di	di	linguistic	_	_	_	_	_	_
36-4	BO097	36	là	là	linguistic	_	_	_	_	_	_
36-5	BO097	36	eh	eh	linguistic	_	_	_	_	_	_
36-6	BO097	36	semplicemente,	semplicemente	linguistic	Intonation=weakly_rising	End=159.166	_	_	_	_
37-0	BO095	37	allora	allora	linguistic	_	Begin=159.7	_	_	_	_
37-1	BO095	37	ho	ho	linguistic	_	_	_	_	_	_
37-2	BO095	37	finito,	finito	linguistic	Intonation=weakly_rising	_	_	_	_	_
37-3	BO095	37	allora	allora	linguistic	_	_	_	_	_	_
37-4	BO095	37	si	si	linguistic	_	_	_	_	_	_
37-5	BO095	37	sono	sono	linguistic	_	_	_	_	_	_
37-6	BO095	37	stata	stata	linguistic	_	_	_	_	_	_
37-7	BO095	37	a	a	linguistic	_	_	_	_	_	_
37-8	BO095	37	lezio::ne,	lezione	linguistic	Intonation=weakly_rising	_	4x2	_	_	_
37-9	BO095	37	ho	ho	linguistic	_	_	_	_	_	_
37-10	BO095	37	pranzato	pranzato	linguistic	_	_	_	_	_	_
37-11	BO095	37	fuori,	fuori	linguistic	Intonation=weakly_rising	End=163.516	_	_	_	_
38-0	BO095	38	poi	poi	linguistic	_	Begin=164.444	_	_	_	_
38-1	BO095	38	sono	sono	linguistic	_	_	_	_	_	_
38-2	BO095	38	andata:::	andata	linguistic	ProsodicLink=Yes	_	5x3	_	_	_
38-3	BO095	38	mh	mh	linguistic	_	End=165.644	_	_	_	_
39-0	BO095	39	da	da	linguistic	_	Begin=165.98	_	_	_	_
39-1	BO095	39	comet	comet	linguistic	_	_	_	_	_	_
39-2	BO095	39	(.)	[PAUSE]	shortpause	_	_	_	_	_	_
39-3	BO095	39	il	il	linguistic	_	_	_	_	_	_
39-4	BO095	39	negozio	negozio	linguistic	_	_	_	_	_	_
39-5	BO095	39	di	di	linguistic	_	_	_	_	_	_
39-6	BO095	39	elettronica	elettronica	linguistic	_	_	_	_	_	_
39-7	BO095	39	non	non	linguistic	_	_	_	_	_	_
39-8	BO095	39	so	so	linguistic	_	_	_	_	_	_
39-9	BO095	39	se	se	linguistic	_	_	_	_	_	_
39-10	BO095	39	ce	ce	linguistic	_	_	_	_	_	_
39-11	BO095	39	l'	l'	linguistic	SpaceAfter=No	_	_	_	_	_
39-12	BO095	39	hai	hai	linguistic	_	_	_	_	_	_
39-13	BO095	39	presente::	presente	linguistic	_	End=169.095	7x2	_	_	_
40-0	BO095	40	verso:::	verso	linguistic	ProsodicLink=Yes	Begin=169.284	4x3	_	_	_
40-1	BO095	40	mh	mh	linguistic	_	End=170.4	_	_	_	_
41-0	BO095	41	piazza	piazza	linguistic	_	Begin=170.597	_	_	_	_
41-1	BO095	41	maggiore,	maggiore	linguistic	Intonation=weakly_rising	End=171.321	_	_	_	_
42-0	BO095	42	che::	che	linguistic	ProsodicLink=Yes	Begin=171.828	2x2	_	_	_
42-1	BO095	42	mh	mh	linguistic	_	_	_	_	_	_
42-2	BO095	42	ho	ho	linguistic	_	_	_	_	_	_
42-3	BO095	42	comprato	comprato	linguistic	_	_	_	_	_	_
42-4	BO095	42	una	una	linguistic	_	_	_	_	_	_
42-5	BO095	42	micro	micro	linguistic	_	_	_	_	_	_
42-6	BO095	42	esse	esse	linguistic	_	_	_	_	_	_
42-7	BO095	42	di	di	linguistic	_	_	_	_	_	_
42-8	BO095	42	da	da	linguistic	_	_	_	_	_	_
42-9	BO095	42	trentadue	trentadue	linguistic	_	_	_	_	_	_
42-10	BO095	42	giga	giga	linguistic	_	_	_	_	_	_
42-11	BO095	42	che::	che	linguistic	_	End=175.916	2x2	_	_	_
43-0	BO095	43	insomma::	insomma	linguistic	_	Begin=176.286	6x2	_	_	_
43-1	BO095	43	visto	visto	linguistic	_	_	_	_	_	_
43-2	BO095	43	che::	che	linguistic	_	_	2x2	_	_	_
43-3	BO095	43	farò	farò	linguistic	_	_	_	_	_	_
43-4	BO095	43	le	le	linguistic	_	_	_	_	_	_
43-5	BO095	43	registrazioni	registrazioni	linguistic	_	_	_	_	_	_
43-6	BO095	43	dal	dal	linguistic	_	_	_	_	_	_
43-7	BO095	43	telefono::	telefono	linguistic	_	End=179.537	7x2	_	_	_
44-0	BO097	44	a::h	ah	linguistic	_	Begin=179.537	0x2	_	_	_
44-1	BO097	44	certo,	certo	linguistic	Intonation=weakly_rising	End=180.461	_	_	_	_
45-0	BO095	45	mi	mi	linguistic	_	Begin=181.011	_	_	_	_
45-1	BO095	45	serve	serve	linguistic	_	_	_	_	_	_
45-2	BO095	45	spazio	spazio	linguistic	_	_	_	_	_	_
45-3	BO095	45	perché	perché	linguistic	_	_	_	_	_	_
45-4	BO095	45	la	la	linguistic	_	_	_	_	_	_
45-5	BO095	45	qualità::	qualità	linguistic	ProsodicLink=Yes	_	6x2	_	_	_
45-6	BO095	45	mh	mh	linguistic	_	_	_	_	_	_
45-7	BO095	45	quella	quella	linguistic	_	_	_	_	_	_
45-8	BO095	45	buona	buona	linguistic	_	_	_	_	_	_
45-9	BO095	45	ce	ce	linguistic	_	_	_	_	_	_
45-10	BO095	45	l'	l'	linguistic	SpaceAfter=No	_	_	_	_	_
45-11	BO095	45	ho	ho	linguistic	_	_	_	_	_	_
45-12	BO095	45	però::	però	linguistic	_	_	3x2	_	_	_
45-13	BO095	45	mi	mi	linguistic	_	_	_	_	_	_
45-14	BO095	45	manca	manca	linguistic	_	_	_	_	_	_
45-15	BO095	45	la	la	linguistic	_	_	_	_	_	_
45-16	BO095	45	memoria	memoria	linguistic	_	End=186.355	_	_	_	_
46-0	BO095	46	perché	perché	linguistic	_	Begin=187.605	_	_	_	_
46-1	BO095	46	ad	ad	linguistic	_	_	_	_	_	_
46-2	BO095	46	esempio	esempio	linguistic	_	_	_	_	_	_
46-3	BO095	46	ho	ho	linguistic	_	_	_	_	_	_
46-4	BO095	46	visto	visto	linguistic	_	_	_	_	_	_
46-5	BO095	46	che	che	linguistic	_	_	_	_	_	_
46-6	BO095	46	una	una	linguistic	_	_	_	_	_	_
46-7	BO095	46	lezione	lezione	linguistic	_	_	_	_	_	_
46-8	BO095	46	di	di	linguistic	_	_	_	_	_	_
46-9	BO095	46	un'	un'	linguistic	SpaceAfter=No	_	_	_	_	_
46-10	BO095	46	ora	ora	linguistic	_	_	_	_	_	_
46-11	BO095	46	e	e	linguistic	_	_	_	_	_	_
46-12	BO095	46	mezza	mezza	linguistic	_	_	_	_	_	_
46-13	BO095	46	si	si	linguistic	_	_	_	_	_	_
46-14	BO095	46	prende	prende	linguistic	_	_	_	_	_	_
46-15	BO095	46	circa	circa	linguistic	_	_	_	_	_	_
46-16	BO095	46	un	un	linguistic	_	_	_	_	_	_
46-17	BO095	46	giga	giga	linguistic	_	End=191.305	_	_	_	_
47-0	BO097	47	ah	ah	linguistic	_	Begin=192.439	_	_	_	_
47-1	BO097	47	beh	beh	linguistic	_	_	_	_	_	_
47-2	BO097	47	cavoli	cavoli	linguistic	_	End=193.316	_	_	_	_
48-0	BO095	48	mhmh	mhmh	linguistic	_	Begin=193.338|End=193.669	_	_	_	_
49-0	BO097	49	(e	e	linguistic	_	Begin=195.616	_	_	0-1(0)	_
49-1	BO097	49	allora	allora	linguistic	_	_	_	_	0-6(0)	_
49-2	BO097	49	fai	fai	linguistic	_	_	_	_	0-3(0)	_
49-3	BO097	49	bene)	bene	linguistic	_	End=196.531	_	_	0-4(0)	_
50-0	BO095	50	e	e	linguistic	_	Begin=198.25	_	_	_	_
50-1	BO095	50	purtroppo	purtroppo	linguistic	_	_	_	_	_	_
50-2	BO095	50	per	per	linguistic	_	_	_	_	_	_
50-3	BO095	50	loro	loro	linguistic	_	_	_	_	_	_
50-4	BO095	50	non	non	linguistic	_	_	_	_	_	_
50-5	BO095	50	ho	ho	linguistic	_	_	_	_	_	_
50-6	BO095	50	computer	computer	linguistic	_	_	_	_	_	_
50-7	BO095	50	disponibile	disponibile	linguistic	_	_	_	_	_	_
50-8	BO095	50	in	in	linguistic	_	_	_	_	_	_
50-9	BO095	50	cui	cui	linguistic	_	_	_	_	_	_
50-10	BO095	50	po~	po~	linguistic	Interrupted=Yes	_	_	_	_	_
50-11	BO095	50	in	in	linguistic	_	_	_	_	_	_
50-12	BO095	50	cui	cui	linguistic	_	_	_	_	_	_
50-13	BO095	50	posso	posso	linguistic	_	_	_	_	_	_
50-14	BO095	50	archiviare	archiviare	linguistic	_	_	_	_	_	_
50-15	BO095	50	il	il	linguistic	_	_	_	_	_	_
50-16	BO095	50	tutto	tutto	linguistic	_	_	_	_	_	_
50-17	BO095	50	[an]che	anche	linguistic	_	_	_	_	_	0-2(3)
50-18	BO095	50	il	il	linguistic	_	_	_	_	_	_
50-19	BO095	50	tablet	tablet	linguistic	_	_	_	_	_	_
50-20	BO095	50	non	non	linguistic	_	_	_	_	_	_
50-21	BO095	50	ha	ha	linguistic	_	_	_	_	_	_
50-22	BO095	50	niente	niente	linguistic	_	_	_	_	_	_
50-23	BO095	50	di	di	linguistic	_	_	_	_	_	_
50-24	BO095	50	memoria	memoria	linguistic	_	End=204.511	_	_	_	_
51-0	BO097	51	[sì]	sì	linguistic	_	Begin=202.498|End=202.856	_	_	_	0-2(3)
52-0	BO097	52	ma	ma	linguistic	_	Begin=209.766	_	_	_	_
52-1	BO097	52	poi	poi	linguistic	_	_	_	_	_	_
52-2	BO097	52	quel	quel	linguistic	_	_	_	_	_	_
52-3	BO097	52	ragazzo	ragazzo	linguistic	_	_	_	_	_	_
52-4	BO097	52	che	che	linguistic	_	_	_	_	_	_
52-5	BO097	52	ti	ti	linguistic	_	_	_	_	_	_
52-6	BO097	52	aveva	aveva	linguistic	_	_	_	_	_	_
52-7	BO097	52	chiesto	chiesto	linguistic	_	_	_	_	_	_
52-8	BO097	52	di	di	linguistic	_	_	_	_	_	_
52-9	BO097	52	scambiargli	scambiargli	linguistic	_	_	_	_	_	_
52-10	BO097	52	gli	gli	linguistic	_	_	_	_	_	_
52-11	BO097	52	[appunti]	appunti	linguistic	_	_	_	_	_	0-7(4)
52-12	BO097	52	l'	l'	linguistic	SpaceAfter=No	_	_	_	_	_
52-13	BO097	52	hai	hai	linguistic	_	_	_	_	_	_
52-14	BO097	52	più	più	linguistic	_	_	_	_	_	_
52-15	BO097	52	rivisto?	rivisto	linguistic	Intonation=Rising	End=213.8	_	_	_	_
53-0	BO095	53	[mamma	mamma	linguistic	_	Begin=211.896	_	_	_	0-5(4)
53-1	BO095	53	mia]	mia	linguistic	_	End=212.873	_	_	_	0-3(4)
54-0	BO095	54	lo	lo	linguistic	_	Begin=213.802	_	_	_	_
54-1	BO095	54	vedo	vedo	linguistic	_	_	_	_	_	_
54-2	BO095	54	ogni	ogni	linguistic	_	_	_	_	_	_
54-3	BO095	54	giorno	giorno	linguistic	_	_	_	_	_	_
54-4	BO095	54	lo	lo	linguistic	_	_	_	_	_	_
54-5	BO095	54	ve[do]	vedo	linguistic	_	End=215.138	_	_	_	2-4(5)
55-0	BO097	55	[e:]:h	eh	linguistic	_	Begin=214.923	0x2	_	_	0-1(5)
55-1	BO097	55	a	a	linguistic	_	_	_	_	_	_
55-2	BO097	55	lezione	lezione	linguistic	_	_	_	_	_	_
55-3	BO097	55	quindi	quindi	linguistic	_	End=216.2	_	_	_	_
56-0	BO095	56	mi	mi	linguistic	_	Begin=217.177	_	_	_	_
56-1	BO095	56	saluta	saluta	linguistic	_	_	_	_	_	_
56-2	BO095	56	come	come	linguistic	_	_	_	_	_	_
56-3	BO095	56	se	se	linguistic	_	_	_	_	_	_
56-4	BO095	56	niente	niente	linguistic	_	_	_	_	_	_
56-5	BO095	56	fosse	fosse	linguistic	_	End=218.638	_	_	_	_
57-0	BO097	57	eh	eh	linguistic	_	Begin=220.236	_	_	_	_
57-1	BO097	57	beh	beh	linguistic	_	_	_	_	_	_
57-2	BO097	57	for[se	forse	linguistic	_	_	_	_	_	3-5(6)
57-3	BO097	57	è	è	linguistic	_	_	_	_	_	0-1(6)
57-4	BO097	57	me]glio	meglio	linguistic	_	_	_	_	_	0-2(6)
57-5	BO097	57	così	così	linguistic	_	_	_	_	_	_
57-6	BO097	57	che	che	linguistic	_	_	_	_	_	_
57-7	BO097	57	non~	non~	linguistic	Interrupted=Yes	_	_	_	_	_
57-8	BO097	57	che::	che	linguistic	_	_	2x2	_	_	_
57-9	BO097	57	faccia	faccia	linguistic	_	_	_	_	_	_
57-10	BO097	57	finta	finta	linguistic	_	_	_	_	_	_
57-11	BO097	57	di	di	linguistic	_	_	_	_	_	_
57-12	BO097	57	niente::	niente	linguistic	_	End=224.722	5x2	_	_	_
58-0	BO095	58	[è	è	linguistic	_	Begin=221.176	_	_	_	0-1(6)
58-1	BO095	58	meglio]	meglio	linguistic	_	End=221.933	_	_	_	0-6(6)
59-0	BO097	59	in	in	linguistic	_	Begin=225.966	_	_	_	_
59-1	BO097	59	generale	generale	linguistic	_	End=226.593	_	_	_	_
60-0	BO097	60	xxx	x	unknown	_	Begin=238.87	_	_	_	_
60-1	BO097	60	c'	c'	linguistic	SpaceAfter=No	_	_	_	_	_
60-2	BO097	60	è	è	linguistic	_	_	_	_	_	_
60-3	BO097	60	questo	questo	linguistic	_	_	_	_	_	_
60-4	BO097	60	ragazzo,	ragazzo	linguistic	Intonation=weakly_rising	End=240.311	_	_	_	_
61-0	BO095	61	mhmh,	mhmh	linguistic	Intonation=weakly_rising	Begin=240.495|End=240.904	_	_	_	_
62-0	BO097	62	a	a	linguistic	_	Begin=240.963	_	_	_	_
62-1	BO097	62	lezione,	lezione	linguistic	Intonation=weakly_rising	End=241.731	_	_	_	_
63-0	BO097	63	non	non	linguistic	_	Begin=242.683	_	_	_	_
63-1	BO097	63	mi	mi	linguistic	_	_	_	_	_	_
63-2	BO097	63	si	si	linguistic	_	_	_	_	_	_
63-3	BO097	63	fila	fila	linguistic	_	_	_	_	_	_
63-4	BO097	63	proprio	proprio	linguistic	_	End=243.883	_	_	_	_
64-0	BO095	64	((ride))	((ride))	nonverbalbehavior	_	Begin=244.536|End=245.194	_	_	_	_
65-0	BO097	65	però::	però	linguistic	_	Begin=245.402	3x2	_	_	_
65-1	BO097	65	[non	non	linguistic	_	_	_	_	_	0-3(7)
65-2	BO097	65	ci	ci	linguistic	_	_	_	_	_	0-2(7)
65-3	BO097	65	ho	ho	linguistic	_	_	_	_	_	0-2(7)
65-4	BO097	65	ancora:]	ancora	linguistic	_	_	5x1	_	_	0-6(7)
65-5	BO097	65	sì	sì	linguistic	_	_	_	_	_	_
65-6	BO097	65	è	è	linguistic	_	_	_	_	_	_
65-7	BO097	65	sempre	sempre	linguistic	_	_	_	_	_	_
65-8	BO097	65	lo	lo	linguistic	_	_	_	_	_	_
65-9	BO097	65	[stesso]	stesso	linguistic	_	End=248.908	_	_	_	0-6(8)
66-0	BO095	66	[è	è	linguistic	_	Begin=246.311	_	_	_	0-1(7)
66-1	BO095	66	lo	lo	linguistic	_	_	_	_	_	0-2(7)
66-2	BO095	66	stesso]	stesso	linguistic	_	End=247.234	_	_	_	0-6(7)
67-0	BO095	67	[è	è	linguistic	_	Begin=248.546	_	_	_	0-1(8)
67-1	BO095	67	sem]pre	sempre	linguistic	_	_	_	_	_	0-3(8)
67-2	BO095	67	lo	lo	linguistic	_	_	_	_	_	_
67-3	BO095	67	stesso	stesso	linguistic	_	End=249.464	_	_	_	_
68-0	BO097	68	solo	solo	linguistic	_	Begin=249.464	_	_	_	_
68-1	BO097	68	che	che	linguistic	_	_	_	_	_	_
68-2	BO097	68	[addesso]	addesso	linguistic	_	End=250.144	_	_	_	0-7(9)
69-0	BO095	69	[ma	ma	linguistic	_	Begin=249.675	_	_	_	0-2(9)
69-1	BO095	69	c'	c'	linguistic	SpaceAfter=No	_	_	_	_	0-2(9)
69-2	BO095	69	hai]	hai	linguistic	_	_	_	_	_	0-3(9)
69-3	BO095	69	parlato	parlato	linguistic	_	_	_	_	_	_
69-4	BO095	69	per	per	linguistic	_	_	_	_	_	_
69-5	BO095	69	caso?	caso	linguistic	Intonation=Rising	End=251.211	_	_	_	_
70-0	BO097	70	no::	no	linguistic	_	Begin=251.215|End=251.688	1x2	_	_	_
71-0	BO097	71	ma	ma	linguistic	_	Begin=251.824	_	_	_	_
71-1	BO097	71	perché	perché	linguistic	_	_	_	_	_	_
71-2	BO097	71	ormai	ormai	linguistic	_	_	_	_	_	_
71-3	BO097	71	io	io	linguistic	_	_	_	_	_	_
71-4	BO097	71	(.)	[PAUSE]	shortpause	_	_	_	_	_	_
71-5	BO097	71	in	in	linguistic	_	_	_	_	_	_
71-6	BO097	71	quella	quella	linguistic	_	_	_	_	_	_
71-7	BO097	71	lezione	lezione	linguistic	_	_	_	_	_	_
71-8	BO097	71	lì	lì	linguistic	_	_	_	_	_	_
71-9	BO097	71	adesso	adesso	linguistic	_	_	_	_	_	_
71-10	BO097	71	faccio	faccio	linguistic	_	_	_	_	_	_
71-11	BO097	71	un	un	linguistic	_	_	_	_	_	_
71-12	BO097	71	po'	po'	linguistic	_	_	_	_	_	_
71-13	BO097	71	coppia	coppia	linguistic	_	_	_	_	_	_
71-14	BO097	71	con	con	linguistic	_	_	_	_	_	_
71-15	BO097	71	ques~	ques~	linguistic	Interrupted=Yes	_	_	_	_	_
71-16	BO097	71	con	con	linguistic	_	_	_	_	_	_
71-17	BO097	71	un	un	linguistic	_	_	_	_	_	_
71-18	BO097	71	altro	altro	linguistic	_	_	_	_	_	_
71-19	BO097	71	ragazzo,	ragazzo	linguistic	Intonation=weakly_rising	End=257.137	_	_	_	_
72-0	BO095	72	mhmh	mhmh	linguistic	_	Begin=257.2|End=257.714	_	_	_	_
73-0	BO097	73	che:::	che	linguistic	ProsodicLink=Yes	Begin=258.293	2x3	_	_	_
73-1	BO097	73	mh	mh	linguistic	_	_	_	_	_	_
73-2	BO097	73	un	un	linguistic	_	_	_	_	_	_
73-3	BO097	73	gior~	gior~	linguistic	Interrupted=Yes	_	_	_	_	_
73-4	BO097	73	cioè	cioè	linguistic	_	_	_	_	_	_
73-5	BO097	73	una	una	linguistic	_	_	_	_	_	_
73-6	BO097	73	delle	delle	linguistic	_	_	_	_	_	_
73-7	BO097	73	prime	prime	linguistic	_	_	_	_	_	_
73-8	BO097	73	lezioni	lezioni	linguistic	_	_	_	_	_	_
73-9	BO097	73	per	per	linguistic	_	_	_	_	_	_
73-10	BO097	73	caso	caso	linguistic	_	_	_	_	_	_
73-11	BO097	73	eravamo	eravamo	linguistic	_	_	_	_	_	_
73-12	BO097	73	seduti	seduti	linguistic	_	_	_	_	_	_
73-13	BO097	73	di	di	linguistic	_	_	_	_	_	_
73-14	BO097	73	[fianco]	fianco	linguistic	_	End=263.111	_	_	_	0-6(10)
74-0	BO095	74	[quello	quello	linguistic	_	Begin=262.843	_	_	_	0-6(10)
74-1	BO095	74	che	che	linguistic	_	_	_	_	_	0-3(10)
74-2	BO095	74	ti]	ti	linguistic	_	_	_	_	_	0-2(10)
74-3	BO095	74	chiama	chiama	linguistic	_	_	_	_	_	_
74-4	BO095	74	sara::?	sara	linguistic	Intonation=Rising	End=263.76	3x2	_	_	_
75-0	BO097	75	sì	sì	linguistic	_	Begin=263.876	_	_	_	_
75-1	BO097	75	(.)	[PAUSE]	shortpause	_	_	_	_	_	_
75-2	BO097	75	e	e	linguistic	_	_	_	_	_	_
75-3	BO097	75	si	si	linguistic	_	_	_	_	_	_
75-4	BO097	75	era	era	linguistic	_	_	_	_	_	_
75-5	BO097	75	messo	messo	linguistic	_	_	_	_	_	_
75-6	BO097	75	a	a	linguistic	_	_	_	_	_	_
75-7	BO097	75	parlarmi	parlarmi	linguistic	_	_	_	_	_	_
75-8	BO097	75	no?	no	linguistic	Intonation=Rising	End=265.844	_	_	_	_
76-0	BO095	76	((ride))	((ride))	nonverbalbehavior	_	Begin=263.997|End=264.61	_	_	_	_
77-0	BO097	77	e::hm	ehm	linguistic	_	Begin=266.483|End=267.316	0x2	_	_	_
78-0	BO097	78	cioè	cioè	linguistic	_	Begin=267.572	_	_	_	_
78-1	BO097	78	andiam	andiam	linguistic	_	_	_	_	_	_
78-2	BO097	78	d'	d'	linguistic	SpaceAfter=No	_	_	_	_	_
78-3	BO097	78	accordo	accordo	linguistic	_	_	_	_	_	_
78-4	BO097	78	così	così	linguistic	_	_	_	_	_	_
78-5	BO097	78	per	per	linguistic	_	_	_	_	_	_
78-6	BO097	78	cui	cui	linguistic	_	End=269.494	_	_	_	_
79-0	BO095	79	mhmh	mhmh	linguistic	_	Begin=269.516|End=269.965	_	_	_	_
80-0	BO097	80	e:::hm	ehm	linguistic	_	Begin=271.82|End=273.138	0x3	_	_	_
81-0	BO097	81	e	e	linguistic	_	Begin=274.182	_	_	_	_
81-1	BO097	81	quindi	quindi	linguistic	_	_	_	_	_	_
81-2	BO097	81	io	io	linguistic	_	_	_	_	_	_
81-3	BO097	81	già	già	linguistic	_	_	_	_	_	_
81-4	BO097	81	di	di	linguistic	_	_	_	_	_	_
81-5	BO097	81	mio	mio	linguistic	_	_	_	_	_	_
81-6	BO097	81	non	non	linguistic	_	_	_	_	_	_
81-7	BO097	81	è	è	linguistic	_	_	_	_	_	_
81-8	BO097	81	che	che	linguistic	_	_	_	_	_	_
81-9	BO097	81	proprio	proprio	linguistic	_	_	_	_	_	_
81-10	BO097	81	sono	sono	linguistic	_	_	_	_	_	_
81-11	BO097	81	una	una	linguistic	_	_	_	_	_	_
81-12	BO097	81	che	che	linguistic	_	_	_	_	_	_
81-13	BO097	81	si	si	linguistic	_	_	_	_	_	_
81-14	BO097	81	mette	mette	linguistic	_	_	_	_	_	_
81-15	BO097	81	a	a	linguistic	_	_	_	_	_	_
81-16	BO097	81	chiacchierare::	chiacchierare	linguistic	_	End=278.538	12x2	_	_	_
82-0	BO095	82	ti	ti	linguistic	_	Begin=278.538	_	_	_	_
82-1	BO095	82	capisco	capisco	linguistic	_	_	_	_	_	_
82-2	BO095	82	benissimo	benissimo	linguistic	_	_	_	_	_	_
82-3	BO095	82	io	io	linguistic	_	_	_	_	_	_
82-4	BO095	82	uguale	uguale	linguistic	_	End=280.005	_	_	_	_
83-0	BO097	83	cioè	cioè	linguistic	_	Begin=280.196	_	_	_	_
83-1	BO097	83	mi	mi	linguistic	_	_	_	_	_	_
83-2	BO097	83	dispiace	dispiace	linguistic	_	_	_	_	_	_
83-3	BO097	83	però	però	linguistic	_	_	_	_	_	_
83-4	BO097	83	non	non	linguistic	_	_	_	_	_	_
83-5	BO097	83	mi	mi	linguistic	_	_	_	_	_	_
83-6	BO097	83	viene	viene	linguistic	_	_	_	_	_	_
83-7	BO097	83	tanto	tanto	linguistic	_	_	_	_	_	_
83-8	BO097	83	spontaneo	spontaneo	linguistic	_	_	_	_	_	_
83-9	BO097	83	mi	mi	linguistic	_	_	_	_	_	_
83-10	BO097	83	sento	sento	linguistic	_	_	_	_	_	_
83-11	BO097	83	un	un	linguistic	_	_	_	_	_	_
83-12	BO097	83	po'::	po'	linguistic	_	End=284.555	1x2	_	_	_
84-0	BO097	84	infatti,	infatti	linguistic	Intonation=weakly_rising	Begin=284.916	_	_	_	_
84-1	BO097	84	apprezzo	apprezzo	linguistic	_	_	_	_	_	_
84-2	BO097	84	questo::::	questo	linguistic	_	End=287.394	5x4	_	_	_
85-0	BO095	85	((ride))	((ride))	nonverbalbehavior	_	Begin=287.511|End=288.29	_	_	_	_
86-0	BO097	86	tale	tale	linguistic	_	Begin=288.494	_	_	_	_
86-1	BO097	86	arrigo	arrigo	linguistic	_	_	_	_	_	_
86-2	BO097	86	si	si	linguistic	_	_	_	_	_	_
86-3	BO097	86	chiama	chiama	linguistic	_	End=289.905	_	_	_	_
87-0	BO097	87	e:::hm	ehm	linguistic	_	Begin=290.806|End=291.862	0x3	_	_	_
88-0	BO095	88	di	di	linguistic	_	Begin=291.95	_	_	_	_
88-1	BO095	88	nome?	nome	linguistic	Intonation=Rising	End=292.424	_	_	_	_
89-0	BO097	89	sì	sì	linguistic	_	Begin=292.588|End=292.895	_	_	_	_
90-0	BO095	90	curioso	curioso	linguistic	_	Begin=294.832	_	_	_	_
90-1	BO095	90	mai	mai	linguistic	_	_	_	_	_	_
90-2	BO095	90	senti[to::]	sentito	linguistic	_	End=296.361	6x2	_	_	5-7(11)
91-0	BO097	91	[no	no	linguistic	_	Begin=296.081	_	_	_	0-2(11)
91-1	BO097	91	infa]tti	infatti	linguistic	_	_	_	_	_	0-4(11)
91-2	BO097	91	ha	ha	linguistic	_	_	_	_	_	_
91-3	BO097	91	detto	detto	linguistic	_	_	_	_	_	_
91-4	BO097	91	che	che	linguistic	_	_	_	_	_	_
91-5	BO097	91	è	è	linguistic	_	_	_	_	_	_
91-6	BO097	91	il	il	linguistic	_	_	_	_	_	_
91-7	BO097	91	santo	santo	linguistic	_	_	_	_	_	_
91-8	BO097	91	patrono	patrono	linguistic	_	_	_	_	_	_
91-9	BO097	91	della	della	linguistic	_	_	_	_	_	_
91-10	BO097	91	sua	sua	linguistic	_	_	_	_	_	_
91-11	BO097	91	città	città	linguistic	_	End=298.944	_	_	_	_
92-0	BO095	92	o:::h	oh	linguistic	_	Begin=299.12|End=299.65	0x3	_	_	_
93-0	BO097	93	pugliese	pugliese	linguistic	_	Begin=299.65	_	_	_	_
93-1	BO097	93	di	di	linguistic	_	_	_	_	_	_
93-2	BO097	93	ba~	ba~	linguistic	Interrupted=Yes	_	_	_	_	_
93-3	BO097	93	cioè	cioè	linguistic	_	_	_	_	_	_
93-4	BO097	93	di	di	linguistic	_	_	_	_	_	_
93-5	BO097	93	lì	lì	linguistic	_	_	_	_	_	_
93-6	BO097	93	vicino	vicino	linguistic	_	_	_	_	_	_
93-7	BO097	93	a	a	linguistic	_	_	_	_	_	_
93-8	BO097	93	bari	bari	linguistic	_	End=301.911	_	_	_	_
94-0	BO097	94	e:hm	ehm	linguistic	_	Begin=302.59|End=303.253	0x1	_	_	_
95-0	BO095	95	sant'	sant'	linguistic	SpaceAfter=No	Begin=304.222	_	_	_	_
95-1	BO095	95	arrigo	arrigo	linguistic	_	_	_	_	_	_
95-2	BO095	95	quindi	quindi	linguistic	_	End=305.736	_	_	_	_
96-0	BO097	96	mh	mh	linguistic	_	Begin=305.82|End=306.315	_	_	_	_
97-0	BO095	97	questa	questa	linguistic	_	Begin=307.023	_	_	_	_
97-1	BO095	97	cosa	cosa	linguistic	_	_	_	_	_	_
97-2	BO095	97	mi	mi	linguistic	_	_	_	_	_	_
97-3	BO095	97	è	è	linguistic	_	_	_	_	_	_
97-4	BO095	97	familiare	familiare	linguistic	_	_	_	_	_	_
97-5	BO095	97	però	però	linguistic	_	End=308.727	_	_	_	_
98-0	BO095	98	boh	boh	linguistic	_	Begin=309.191|End=309.573	_	_	_	_
99-0	BO095	99	forse	forse	linguistic	_	Begin=310.196	_	_	_	_
99-1	BO095	99	ci	ci	linguistic	_	_	_	_	_	_
99-2	BO095	99	sono	sono	linguistic	_	_	_	_	_	_
99-3	BO095	99	stata	stata	linguistic	_	_	_	_	_	_
99-4	BO095	99	e	e	linguistic	_	_	_	_	_	_
99-5	BO095	99	non	non	linguistic	_	_	_	_	_	_
99-6	BO095	99	lo	lo	linguistic	_	_	_	_	_	_
99-7	BO095	99	so	so	linguistic	_	End=311.527	_	_	_	_
100-0	BO095	100	lecce	lecce	linguistic	_	Begin=311.94	_	_	_	_
100-1	BO095	100	è	è	linguistic	_	_	_	_	_	_
100-2	BO095	100	in	in	linguistic	_	_	_	_	_	_
100-3	BO095	100	puglia	puglia	linguistic	_	_	_	_	_	_
100-4	BO095	100	giusto?	giusto	linguistic	Intonation=Rising	End=313.355	_	_	_	_
101-0	BO097	101	sì	sì	linguistic	_	Begin=313.855|End=314.211	_	_	_	_
102-0	BO095	102	okay	okay	linguistic	_	Begin=314.3|End=314.772	_	_	_	_
103-0	BO095	103	può	può	linguistic	_	Begin=314.851	_	_	_	_
103-1	BO095	103	essere	essere	linguistic	_	_	_	_	_	_
103-2	BO095	103	che	che	linguistic	_	_	_	_	_	_
103-3	BO095	103	ci	ci	linguistic	_	_	_	_	_	_
103-4	BO095	103	sono	sono	linguistic	_	_	_	_	_	_
103-5	BO095	103	stata	stata	linguistic	_	End=316.106	_	_	_	_
104-0	BO097	104	no	no	linguistic	_	Begin=317.15	_	_	_	_
104-1	BO097	104	però	però	linguistic	_	_	_	_	_	_
104-2	BO097	104	lui	lui	linguistic	_	_	_	_	_	_
104-3	BO097	104	abita	abita	linguistic	_	_	_	_	_	_
104-4	BO097	104	un	un	linguistic	_	_	_	_	_	_
104-5	BO097	104	un	un	linguistic	_	_	_	_	_	_
104-6	BO097	104	pae~	pae~	linguistic	Interrupted=Yes	_	_	_	_	_
104-7	BO097	104	cioè	cioè	linguistic	_	_	_	_	_	_
104-8	BO097	104	in	in	linguistic	_	_	_	_	_	_
104-9	BO097	104	una	una	linguistic	_	_	_	_	_	_
104-10	BO097	104	città	città	linguistic	_	_	_	_	_	_
104-11	BO097	104	proprio	proprio	linguistic	_	_	_	_	_	_
104-12	BO097	104	vicina	vicina	linguistic	_	_	_	_	_	_
104-13	BO097	104	a	a	linguistic	_	_	_	_	_	_
104-14	BO097	104	bari	bari	linguistic	_	_	_	_	_	_
104-15	BO097	104	in	in	linguistic	_	_	_	_	_	_
104-16	BO097	104	provincia	provincia	linguistic	_	_	_	_	_	_
104-17	BO097	104	di	di	linguistic	_	_	_	_	_	_
104-18	BO097	104	bari	bari	linguistic	_	End=321.472	_	_	_	_
105-0	BO097	105	e:::hm	ehm	linguistic	_	Begin=322.494	0x3	_	_	_
105-1	BO097	105	vabbè	vabbè	linguistic	_	_	_	_	_	_
105-2	BO097	105	io	io	linguistic	_	_	_	_	_	_
105-3	BO097	105	non	non	linguistic	_	_	_	_	_	_
105-4	BO097	105	la	la	linguistic	_	_	_	_	_	_
105-5	BO097	105	conoscevo	conoscevo	linguistic	_	_	_	_	_	_
105-6	BO097	105	come	come	linguistic	_	_	_	_	_	_
105-7	BO097	105	città	città	linguistic	_	End=325.566	_	_	_	_
106-0	BO097	106	no	no	linguistic	_	Begin=326.305	_	_	_	_
106-1	BO097	106	però	però	linguistic	_	_	_	_	_	_
106-2	BO097	106	(.)	[PAUSE]	shortpause	_	_	_	_	_	_
106-3	BO097	106	quando	quando	linguistic	_	_	_	_	_	_
106-4	BO097	106	mi	mi	linguistic	_	_	_	_	_	_
106-5	BO097	106	hanno	hanno	linguistic	_	_	_	_	_	_
106-6	BO097	106	detto	detto	linguistic	_	_	_	_	_	_
106-7	BO097	106	questa	questa	linguistic	_	_	_	_	_	_
106-8	BO097	106	cosa	cosa	linguistic	_	_	_	_	_	_
106-9	BO097	106	qui	qui	linguistic	_	_	_	_	_	_
106-10	BO097	106	mi	mi	linguistic	_	_	_	_	_	_
106-11	BO097	106	è	è	linguistic	_	_	_	_	_	_
106-12	BO097	106	venuto	venuto	linguistic	_	_	_	_	_	_
106-13	BO097	106	in	in	linguistic	_	_	_	_	_	_
106-14	BO097	106	mente	mente	linguistic	_	End=329.333	_	_	_	_
107-0	BO097	107	il	il	linguistic	_	Begin=329.866	_	_	_	_
107-1	BO097	107	mio	mio	linguistic	_	_	_	_	_	_
107-2	BO097	107	amico	amico	linguistic	_	End=330.505	_	_	_	_
108-0	BO097	108	che	che	linguistic	_	Begin=331.093	_	_	_	_
108-1	BO097	108	invece,	invece	linguistic	Intonation=weakly_rising	_	_	_	_	_
108-2	BO097	108	cioè	cioè	linguistic	_	End=332.105	_	_	_	_
109-0	BO097	109	abita	abita	linguistic	_	Begin=332.457	_	_	_	_
109-1	BO097	109	a	a	linguistic	_	_	_	_	_	_
109-2	BO097	109	milano	milano	linguistic	_	End=333.233	_	_	_	_
110-0	BO097	110	però	però	linguistic	_	Begin=333.581	_	_	_	_
110-1	BO097	110	è	è	linguistic	_	_	_	_	_	_
110-2	BO097	110	di	di	linguistic	_	_	_	_	_	_
110-3	BO097	110	scia~	scia~	linguistic	Interrupted=Yes	_	_	_	_	_
110-4	BO097	110	è	è	linguistic	_	_	_	_	_	_
110-5	BO097	110	di	di	linguistic	_	_	_	_	_	_
110-6	BO097	110	sciacca	sciacca	linguistic	_	End=335.491	_	_	_	_
111-0	BO095	111	mhmh,	mhmh	linguistic	Intonation=weakly_rising	Begin=335.55|End=336.057	_	_	_	_
112-0	BO097	112	e:::hm	ehm	linguistic	_	Begin=336.775|End=337.822	0x3	_	_	_
113-0	BO097	113	che	che	linguistic	_	Begin=338.712	_	_	_	_
113-1	BO097	113	di	di	linguistic	_	_	_	_	_	_
113-2	BO097	113	secondo	secondo	linguistic	_	_	_	_	_	_
113-3	BO097	113	nome	nome	linguistic	_	_	_	_	_	_
113-4	BO097	113	si	si	linguistic	_	_	_	_	_	_
113-5	BO097	113	chiama	chiama	linguistic	_	_	_	_	_	_
113-6	BO097	113	calogero	calogero	linguistic	_	End=341.3	_	_	_	_
114-0	BO097	114	e::	e	linguistic	_	Begin=342.086	0x2	_	_	_
114-1	BO097	114	ci	ci	linguistic	_	_	_	_	_	_
114-2	BO097	114	ha	ha	linguistic	_	_	_	_	_	_
114-3	BO097	114	sempre	sempre	linguistic	_	_	_	_	_	_
114-4	BO097	114	raccontato	raccontato	linguistic	_	_	_	_	_	_
114-5	BO097	114	che	che	linguistic	_	_	_	_	_	_
114-6	BO097	114	un	un	linguistic	_	_	_	_	_	_
114-7	BO097	114	sacco	sacco	linguistic	_	_	_	_	_	_
114-8	BO097	114	di	di	linguistic	_	_	_	_	_	_
114-9	BO097	114	ragazzi,	ragazzi	linguistic	Intonation=weakly_rising	End=344.883	_	_	_	_
115-0	BO097	115	lì::	lì	linguistic	_	Begin=345.498	1x2	_	_	_
115-1	BO097	115	si	si	linguistic	_	_	_	_	_	_
115-2	BO097	115	chiamano	chiamano	linguistic	_	_	_	_	_	_
115-3	BO097	115	calogero	calogero	linguistic	_	_	_	_	_	_
115-4	BO097	115	perché	perché	linguistic	_	_	_	_	_	_
115-5	BO097	115	è	è	linguistic	_	_	_	_	_	_
115-6	BO097	115	il	il	linguistic	_	_	_	_	_	_
115-7	BO097	115	santo	santo	linguistic	_	_	_	_	_	_
115-8	BO097	115	patrono	patrono	linguistic	_	End=347.905	_	_	_	_
116-0	BO095	116	sì	sì	linguistic	_	Begin=347.959	_	_	_	_
116-1	BO095	116	sì	sì	linguistic	_	_	_	_	_	_
116-2	BO095	116	ma::	ma	linguistic	_	_	1x2	_	_	_
116-3	BO095	116	pure::	pure	linguistic	_	End=349.905	3x2	_	_	_
117-0	BO095	117	a	a	linguistic	_	Begin=350.335	_	_	_	_
117-1	BO095	117	porto	porto	linguistic	_	_	_	_	_	_
117-2	BO095	117	empedocle	empedocle	linguistic	_	End=351.105	_	_	_	_
118-0	BO097	118	cioè	cioè	linguistic	_	Begin=351.2	_	_	_	_
118-1	BO097	118	che	che	linguistic	_	_	_	_	_	_
118-2	BO097	118	è	è	linguistic	_	_	_	_	_	_
118-3	BO097	118	una	una	linguistic	_	_	_	_	_	_
118-4	BO097	118	cosa	cosa	linguistic	_	_	_	_	_	_
118-5	BO097	118	che	che	linguistic	_	_	_	_	_	_
118-6	BO097	118	usa	usa	linguistic	_	_	_	_	_	_
118-7	BO097	118	comunque	comunque	linguistic	_	End=353.238	_	_	_	_
119-0	BO097	119	com'	com'	linguistic	SpaceAfter=No	Begin=354.461	_	_	_	_
119-1	BO097	119	è	è	linguistic	_	_	_	_	_	_
119-2	BO097	119	che	che	linguistic	_	_	_	_	_	_
119-3	BO097	119	si	si	linguistic	_	_	_	_	_	_
119-4	BO097	119	chiama	chiama	linguistic	_	_	_	_	_	_
119-5	BO097	119	il	il	linguistic	_	_	_	_	_	_
119-6	BO097	119	vostro	vostro	linguistic	_	_	_	_	_	_
119-7	BO097	119	santo?	santo	linguistic	Intonation=Rising	End=356.051	_	_	_	_
120-0	BO095	120	è	è	linguistic	_	Begin=356.605	_	_	_	_
120-1	BO095	120	san	san	linguistic	_	_	_	_	_	_
120-2	BO095	120	calogero	calogero	linguistic	_	_	_	_	_	_
120-3	BO095	120	[cre]do	credo	linguistic	_	_	_	_	_	0-3(12)
120-4	BO095	120	sì	sì	linguistic	_	End=358.325	_	_	_	_
121-0	BO097	121	[sì]?	sì	linguistic	Intonation=Rising	Begin=357.506|End=357.921	_	_	_	0-2(12)
122-0	BO095	122	non	non	linguistic	_	Begin=358.584	_	_	_	_
122-1	BO095	122	mi	mi	linguistic	_	_	_	_	_	_
122-2	BO095	122	ricordo	ricordo	linguistic	_	_	_	_	_	_
122-3	BO095	122	se	se	linguistic	_	_	_	_	_	_
122-4	BO095	122	è	è	linguistic	_	_	_	_	_	_
122-5	BO095	122	il	il	linguistic	_	_	_	_	_	_
122-6	BO095	122	nostro	nostro	linguistic	_	_	_	_	_	_
122-7	BO095	122	o	o	linguistic	_	_	_	_	_	_
122-8	BO095	122	quello	quello	linguistic	_	_	_	_	_	_
122-9	BO095	122	di	di	linguistic	_	_	_	_	_	_
122-10	BO095	122	agrigento	agrigento	linguistic	_	_	_	_	_	_
122-11	BO095	122	penso	penso	linguistic	_	_	_	_	_	_
122-12	BO095	122	sia	sia	linguistic	_	_	_	_	_	_
122-13	BO095	122	il	il	linguistic	_	_	_	_	_	_
122-14	BO095	122	nostro	nostro	linguistic	_	End=361.522	_	_	_	_
123-0	BO095	123	perché:::	perché	linguistic	_	Begin=363.066	5x3	_	_	_
123-1	BO095	123	lo	lo	linguistic	_	_	_	_	_	_
123-2	BO095	123	fanno	fanno	linguistic	_	_	_	_	_	_
123-3	BO095	123	da	da	linguistic	_	_	_	_	_	_
123-4	BO095	123	noi	noi	linguistic	_	End=364.216	_	_	_	_
124-0	BO095	124	lo	lo	linguistic	_	Begin=365.162	_	_	_	_
124-1	BO095	124	facevano.	facevano	linguistic	Intonation=Falling	_	_	_	_	_
124-2	BO095	124	non	non	linguistic	_	_	_	_	_	_
124-3	BO095	124	lo	lo	linguistic	_	_	_	_	_	_
124-4	BO095	124	so	so	linguistic	_	_	_	_	_	_
124-5	BO095	124	ogni	ogni	linguistic	_	_	_	_	_	_
124-6	BO095	124	volta	volta	linguistic	_	End=366.738	_	_	_	_
125-0	BO095	125	e::h	eh	linguistic	_	Begin=367.108	0x2	_	_	_
125-1	BO095	125	giù	giù	linguistic	_	_	_	_	_	_
125-2	BO095	125	c'	c'	linguistic	SpaceAfter=No	_	_	_	_	_
125-3	BO095	125	è:::	è	linguistic	_	End=368.733	0x3	_	_	_
126-0	BO095	126	il	il	linguistic	_	Begin=369.242	_	_	_	_
126-1	BO095	126	dramma	dramma	linguistic	_	_	_	_	_	_
126-2	BO095	126	lo	lo	linguistic	_	_	_	_	_	_
126-3	BO095	126	fanno	fanno	linguistic	_	_	_	_	_	_
126-4	BO095	126	san	san	linguistic	_	_	_	_	_	_
126-5	BO095	126	calogero	calogero	linguistic	_	_	_	_	_	_
126-6	BO095	126	quest'	quest'	linguistic	SpaceAfter=No	_	_	_	_	_
126-7	BO095	126	anno	anno	linguistic	_	_	_	_	_	_
126-8	BO095	126	o	o	linguistic	_	_	_	_	_	_
126-9	BO095	126	non	non	linguistic	_	_	_	_	_	_
126-10	BO095	126	lo	lo	linguistic	_	_	_	_	_	_
126-11	BO095	126	fanno?	fanno	linguistic	Intonation=Rising	_	_	_	_	_
126-12	BO095	126	[perché]:	perché	linguistic	_	_	5x1	_	_	0-6(13)
126-13	BO095	126	siccome	siccome	linguistic	_	_	_	_	_	_
126-14	BO095	126	siamo	siamo	linguistic	_	_	_	_	_	_
126-15	BO095	126	completamente	completamente	linguistic	_	_	_	_	_	_
126-16	BO095	126	senza	senza	linguistic	_	_	_	_	_	_
126-17	BO095	126	soldi,	soldi	linguistic	Intonation=weakly_rising	_	_	_	_	_
126-18	BO095	126	perché	perché	linguistic	_	_	_	_	_	_
126-19	BO095	126	c'	c'	linguistic	SpaceAfter=No	_	_	_	_	_
126-20	BO095	126	è	è	linguistic	_	_	_	_	_	_
126-21	BO095	126	stato	stato	linguistic	_	_	_	_	_	_
126-22	BO095	126	un	un	linguistic	_	_	_	_	_	_
126-23	BO095	126	sindaco	sindaco	linguistic	_	_	_	_	_	_
126-24	BO095	126	che	che	linguistic	_	_	_	_	_	_
126-25	BO095	126	ci	ci	linguistic	_	_	_	_	_	_
126-26	BO095	126	ha	ha	linguistic	_	_	_	_	_	_
126-27	BO095	126	rovinato	rovinato	linguistic	_	_	_	_	_	_
126-28	BO095	126	completamente	completamente	linguistic	_	End=376.344	_	_	_	_
127-0	BO097	127	[ah	ah	linguistic	_	Begin=372.083	_	_	_	0-2(13)
127-1	BO097	127	okay]	okay	linguistic	_	End=372.708	_	_	_	0-4(13)
128-0	BO097	128	sì	sì	linguistic	_	Begin=376.649	_	_	_	_
128-1	BO097	128	me	me	linguistic	_	_	_	_	_	_
128-2	BO097	128	[l'	l'	linguistic	SpaceAfter=No	_	_	_	_	0-2(14)
128-3	BO097	128	avevi	avevi	linguistic	_	_	_	_	_	0-5(14)
128-4	BO097	128	raccontato]	raccontato	linguistic	_	End=378.418	_	_	_	0-10(14)
129-0	BO095	129	[che::	che	linguistic	_	Begin=377.231	2x2	_	_	0-3(14)
129-1	BO095	129	faceva	faceva	linguistic	_	_	_	_	_	0-6(14)
129-2	BO095	129	tu]tti	tutti	linguistic	_	_	_	_	_	0-2(14)
129-3	BO095	129	festival	festival	linguistic	_	_	_	_	_	_
129-4	BO095	129	bellissimi	bellissimi	linguistic	_	_	_	_	_	_
129-5	BO095	129	invitava	invitava	linguistic	_	_	_	_	_	_
129-6	BO095	129	canta::nti,	cantanti	linguistic	Intonation=weakly_rising	_	4x2	_	_	_
129-7	BO095	129	co::se,	cose	linguistic	Intonation=weakly_rising	_	1x2	_	_	_
129-8	BO095	129	manifestazio::ni,	manifestazioni	linguistic	Intonation=weakly_rising	End=383.512	11x2	_	_	_
130-0	BO095	130	e	e	linguistic	_	Begin=383.855	_	_	_	_
130-1	BO095	130	poi	poi	linguistic	_	_	_	_	_	_
130-2	BO095	130	siamo	siamo	linguistic	_	_	_	_	_	_
130-3	BO095	130	rimasti	rimasti	linguistic	_	_	_	_	_	_
130-4	BO095	130	senza	senza	linguistic	_	_	_	_	_	_
130-5	BO095	130	soldi	soldi	linguistic	_	End=385.081	_	_	_	_
131-0	BO095	131	e::	e	linguistic	_	Begin=385.689	0x2	_	_	_
131-1	BO095	131	quindi	quindi	linguistic	_	_	_	_	_	_
131-2	BO095	131	insomma	insomma	linguistic	_	_	_	_	_	_
131-3	BO095	131	non	non	linguistic	_	_	_	_	_	_
131-4	BO095	131	ci	ci	linguistic	_	_	_	_	_	_
131-5	BO095	131	sono	sono	linguistic	_	_	_	_	_	_
131-6	BO095	131	soldi	soldi	linguistic	_	_	_	_	_	_
131-7	BO095	131	per	per	linguistic	_	_	_	_	_	_
131-8	BO095	131	fare	fare	linguistic	_	_	_	_	_	_
131-9	BO095	131	niente	niente	linguistic	_	_	_	_	_	_
131-10	BO095	131	praticamente::	praticamente	linguistic	ProsodicLink=Yes	_	11x2	_	_	_
131-11	BO095	131	e	e	linguistic	_	End=389.943	_	_	_	_
132-0	BO095	132	siccome	siccome	linguistic	_	Begin=390.85	_	_	_	_
132-1	BO095	132	è	è	linguistic	_	_	_	_	_	_
132-2	BO095	132	una	una	linguistic	_	_	_	_	_	_
132-3	BO095	132	tradizione	tradizione	linguistic	_	_	_	_	_	_
132-4	BO095	132	abbastanza	abbastanza	linguistic	_	_	_	_	_	_
132-5	BO095	132	sentita	sentita	linguistic	_	_	_	_	_	_
132-6	BO095	132	insomma	insomma	linguistic	_	_	_	_	_	_
132-7	BO095	132	quella	quella	linguistic	_	_	_	_	_	_
132-8	BO095	132	di	di	linguistic	_	_	_	_	_	_
132-9	BO095	132	san	san	linguistic	_	_	_	_	_	_
132-10	BO095	132	calogero	calogero	linguistic	_	_	_	_	_	_
132-11	BO095	132	che::	che	linguistic	_	End=395.581	2x2	_	_	_
133-0	BO095	133	insomma	insomma	linguistic	_	Begin=395.693	_	_	_	_
133-1	BO095	133	prendono	prendono	linguistic	_	_	_	_	_	_
133-2	BO095	133	il	il	linguistic	_	_	_	_	_	_
133-3	BO095	133	ca::rro::	carro	linguistic	_	End=397.174	1x2,4x2	_	_	_
134-0	BO095	134	poi	poi	linguistic	_	Begin=397.495	_	_	_	_
134-1	BO095	134	e::h	eh	linguistic	_	_	0x2	_	_	_
134-2	BO095	134	è	è	linguistic	_	_	_	_	_	_
134-3	BO095	134	un	un	linguistic	_	_	_	_	_	_
134-4	BO095	134	po'	po'	linguistic	_	_	_	_	_	_
134-5	BO095	134	complicato	complicato	linguistic	_	_	_	_	_	_
134-6	BO095	134	da	da	linguistic	_	_	_	_	_	_
134-7	BO095	134	spiegare	spiegare	linguistic	_	End=400.793	_	_	_	_
135-0	BO095	135	in	in	linguistic	_	Begin=401.012	_	_	_	_
135-1	BO095	135	effetti	effetti	linguistic	_	_	_	_	_	_
135-2	BO095	135	perché	perché	linguistic	_	End=401.665	_	_	_	_
136-0	BO095	136	a	a	linguistic	_	Begin=402.018	_	_	_	_
136-1	BO095	136	me	me	linguistic	_	_	_	_	_	_
136-2	BO095	136	sembra	sembra	linguistic	_	_	_	_	_	_
136-3	BO095	136	la	la	linguistic	_	_	_	_	_	_
136-4	BO095	136	cosa	cosa	linguistic	_	_	_	_	_	_
136-5	BO095	136	più	più	linguistic	_	_	_	_	_	_
136-6	BO095	136	naturale	naturale	linguistic	_	_	_	_	_	_
136-7	BO095	136	del	del	linguistic	_	_	_	_	_	_
136-8	BO095	136	mondo	mondo	linguistic	_	_	_	_	_	_
136-9	BO095	136	però	però	linguistic	_	End=404.142	_	_	_	_
137-0	BO095	137	e::h	eh	linguistic	_	Begin=405.339	0x2	_	_	_
137-1	BO095	137	sì	sì	linguistic	_	_	_	_	_	_
137-2	BO095	137	stavo	stavo	linguistic	_	_	_	_	_	_
137-3	BO095	137	dicendo	dicendo	linguistic	_	_	_	_	_	_
137-4	BO095	137	mi	mi	linguistic	_	_	_	_	_	_
137-5	BO095	137	sono	sono	linguistic	_	_	_	_	_	_
137-6	BO095	137	un	un	linguistic	_	_	_	_	_	_
137-7	BO095	137	po'	po'	linguistic	_	_	_	_	_	_
137-8	BO095	137	persa	persa	linguistic	_	End=407.628	_	_	_	_
138-0	BO095	138	a::hm	ahm	linguistic	_	Begin=408.384|End=409.381	0x2	_	_	_
139-0	BO097	139	no	no	linguistic	_	Begin=409.383	_	_	_	_
139-1	BO097	139	che	che	linguistic	_	_	_	_	_	_
139-2	BO097	139	quindi	quindi	linguistic	_	_	_	_	_	_
139-3	BO097	139	[a	a	linguistic	_	_	_	_	_	0-1(15)
139-4	BO097	139	vol]te	volte	linguistic	_	_	_	_	_	0-3(15)
139-5	BO097	139	non	non	linguistic	_	_	_	_	_	_
139-6	BO097	139	si	si	linguistic	_	_	_	_	_	_
139-7	BO097	139	[sa	sa	linguistic	_	_	_	_	_	0-2(16)
139-8	BO097	139	se::]	se	linguistic	_	End=411.323	1x2	_	_	0-2(16)
140-0	BO095	140	[sì	sì	linguistic	_	Begin=409.822	_	_	_	0-2(15)
140-1	BO095	140	eh]	eh	linguistic	_	End=410.262	_	_	_	0-2(15)
141-0	BO095	141	[c'	c'	linguistic	SpaceAfter=No	Begin=410.699	_	_	_	0-2(16)
141-1	BO095	141	è	è	linguistic	_	_	_	_	_	0-1(16)
141-2	BO095	141	il	il	linguistic	_	_	_	_	_	0-2(16)
141-3	BO095	141	dramma]	dramma	linguistic	_	_	_	_	_	0-6(16)
141-4	BO095	141	si	si	linguistic	_	_	_	_	_	_
141-5	BO095	141	fa	fa	linguistic	_	_	_	_	_	_
141-6	BO095	141	o	o	linguistic	_	_	_	_	_	_
141-7	BO095	141	non	non	linguistic	_	_	_	_	_	_
141-8	BO095	141	si	si	linguistic	_	_	_	_	_	_
141-9	BO095	141	fa?	fa	linguistic	Intonation=Rising	_	_	_	_	_
141-10	BO095	141	poi	poi	linguistic	_	_	_	_	_	_
141-11	BO095	141	si	si	linguistic	_	_	_	_	_	_
141-12	BO095	141	fa	fa	linguistic	_	_	_	_	_	_
141-13	BO095	141	sempre	sempre	linguistic	_	_	_	_	_	_
141-14	BO095	141	ma	ma	linguistic	_	_	_	_	_	_
141-15	BO095	141	perché	perché	linguistic	_	_	_	_	_	_
141-16	BO095	141	se	se	linguistic	_	_	_	_	_	_
141-17	BO095	141	non	non	linguistic	_	_	_	_	_	_
141-18	BO095	141	si	si	linguistic	_	_	_	_	_	_
141-19	BO095	141	fa	fa	linguistic	_	_	_	_	_	_
141-20	BO095	141	penso	penso	linguistic	_	_	_	_	_	_
141-21	BO095	141	che	che	linguistic	_	End=414.442	_	_	_	_
142-0	BO097	142	no	no	linguistic	_	Begin=414.448	_	_	_	_
142-1	BO097	142	vabbè	vabbè	linguistic	_	End=414.866	_	_	_	_
143-0	BO095	143	si	si	linguistic	_	Begin=414.877	_	_	_	_
143-1	BO095	143	scatena	scatena	linguistic	_	_	_	_	_	_
143-2	BO095	143	una	una	linguistic	_	_	_	_	_	_
143-3	BO095	143	rivolta	rivolta	linguistic	_	End=416.277	_	_	_	_
144-0	BO097	144	vabbè	vabbè	linguistic	_	Begin=422.144	_	_	_	_
144-1	BO097	144	eh	eh	linguistic	_	_	_	_	_	_
144-2	BO097	144	vabbè	vabbè	linguistic	_	_	_	_	_	_
144-3	BO097	144	e	e	linguistic	_	_	_	_	_	_
144-4	BO097	144	quindi:::	quindi	linguistic	_	_	5x3	_	_	_
144-5	BO097	144	è::	è	linguistic	_	End=424.17	0x2	_	_	_
145-0	BO097	145	poi	poi	linguistic	_	Begin=424.903	_	_	_	_
145-1	BO097	145	son	son	linguistic	_	_	_	_	_	_
145-2	BO097	145	quasi	quasi	linguistic	_	_	_	_	_	_
145-3	BO097	145	sempre	sempre	linguistic	_	_	_	_	_	_
145-4	BO097	145	con	con	linguistic	_	_	_	_	_	_
145-5	BO097	145	questo	questo	linguistic	_	_	_	_	_	_
145-6	BO097	145	qui	qui	linguistic	_	_	_	_	_	_
145-7	BO097	145	e	e	linguistic	_	_	_	_	_	_
145-8	BO097	145	insomma	insomma	linguistic	_	_	_	_	_	_
145-9	BO097	145	non	non	linguistic	_	_	_	_	_	_
145-10	BO097	145	è::	è	linguistic	_	End=428.362	0x2	_	_	_
146-0	BO097	146	però	però	linguistic	_	Begin=429.659|End=430.066	_	_	_	_
147-0	BO095	147	puoi	puoi	linguistic	_	Begin=431.444	_	_	_	_
147-1	BO095	147	chiedergli	chiedergli	linguistic	_	_	_	_	_	_
147-2	BO095	147	una	una	linguistic	_	_	_	_	_	_
147-3	BO095	147	mano	mano	linguistic	_	End=432.533	_	_	_	_
148-0	BO095	148	((ride))	((ride))	nonverbalbehavior	_	Begin=432.862|End=433.349	_	_	_	_
149-0	BO097	149	e	e	linguistic	_	Begin=433.767	_	_	_	_
149-1	BO097	149	c'	c'	linguistic	SpaceAfter=No	_	_	_	_	_
149-2	BO097	149	ho	ho	linguistic	_	_	_	_	_	_
149-3	BO097	149	pensato	pensato	linguistic	_	_	_	_	_	_
149-4	BO097	149	anche	anche	linguistic	_	_	_	_	_	_
149-5	BO097	149	io	io	linguistic	_	_	_	_	_	_
149-6	BO097	149	però	però	linguistic	_	_	_	_	_	_
149-7	BO097	149	non	non	linguistic	_	_	_	_	_	_
149-8	BO097	149	lo	lo	linguistic	_	_	_	_	_	_
149-9	BO097	149	so	so	linguistic	_	_	_	_	_	_
149-10	BO097	149	non	non	linguistic	_	_	_	_	_	_
149-11	BO097	149	mi	mi	linguistic	_	_	_	_	_	_
149-12	BO097	149	sembra	sembra	linguistic	_	_	_	_	_	_
149-13	BO097	149	tanto	tanto	linguistic	_	_	_	_	_	_
149-14	BO097	149	simpatica	simpatica	linguistic	_	_	_	_	_	_
149-15	BO097	149	come	come	linguistic	_	_	_	_	_	_
149-16	BO097	149	cosa	cosa	linguistic	_	_	_	_	_	_
149-17	BO097	149	da	da	linguistic	_	_	_	_	_	_
149-18	BO097	149	[fare]	fare	linguistic	_	End=438.37	_	_	_	0-4(17)
150-0	BO095	150	[mhmh]	mhmh	linguistic	_	Begin=438.003|End=438.376	_	_	_	0-4(17)
151-0	BO097	151	cioè	cioè	linguistic	_	Begin=442.949	_	_	_	_
151-1	BO097	151	non	non	linguistic	_	_	_	_	_	_
151-2	BO097	151	mi	mi	linguistic	_	_	_	_	_	_
151-3	BO097	151	s~	s~	linguistic	Interrupted=Yes	_	_	_	_	_
151-4	BO097	151	allora	allora	linguistic	_	_	_	_	_	_
151-5	BO097	151	m:::h	mh	linguistic	_	End=444.63	0x3	_	_	_
152-0	BO097	152	questo	questo	linguistic	_	Begin=445.354	_	_	_	_
152-1	BO097	152	arrigo	arrigo	linguistic	_	_	_	_	_	_
152-2	BO097	152	mi	mi	linguistic	_	_	_	_	_	_
152-3	BO097	152	sembra	sembra	linguistic	_	_	_	_	_	_
152-4	BO097	152	che	che	linguistic	_	_	_	_	_	_
152-5	BO097	152	siamo	siamo	linguistic	_	_	_	_	_	_
152-6	BO097	152	in	in	linguistic	_	_	_	_	_	_
152-7	BO097	152	rapporti::	rapporti	linguistic	_	End=448.214	7x2	_	_	_
153-0	BO097	153	cioè	cioè	linguistic	_	Begin=448.608	_	_	_	_
153-1	BO097	153	che	che	linguistic	_	_	_	_	_	_
153-2	BO097	153	non	non	linguistic	_	_	_	_	_	_
153-3	BO097	153	ci	ci	linguistic	_	_	_	_	_	_
153-4	BO097	153	sia	sia	linguistic	_	_	_	_	_	_
153-5	BO097	153	niente	niente	linguistic	_	_	_	_	_	_
153-6	BO097	153	di	di	linguistic	_	_	_	_	_	_
153-7	BO097	153	sottinteso	sottinteso	linguistic	_	_	_	_	_	_
153-8	BO097	153	da	da	linguistic	_	_	_	_	_	_
153-9	BO097	153	parte	parte	linguistic	_	_	_	_	_	_
153-10	BO097	153	sua	sua	linguistic	_	End=451.381	_	_	_	_
154-0	BO095	154	mhmh,	mhmh	linguistic	Intonation=weakly_rising	Begin=451.503|End=451.996	_	_	_	_
155-0	BO097	155	però	però	linguistic	_	Begin=453.349	_	_	_	_
155-1	BO097	155	boh	boh	linguistic	_	End=453.891	_	_	_	_
156-0	BO097	156	per	per	linguistic	_	Begin=454.329	_	_	_	_
156-1	BO097	156	cui	cui	linguistic	_	_	_	_	_	_
156-2	BO097	156	in	in	linguistic	_	_	_	_	_	_
156-3	BO097	156	effetti	effetti	linguistic	_	_	_	_	_	_
156-4	BO097	156	potrei	potrei	linguistic	_	End=455.666	_	_	_	_
157-0	BO095	157	((ride))	((ride))	nonverbalbehavior	_	Begin=455.986|End=456.493	_	_	_	_
158-0	BO097	158	ehm	ehm	linguistic	_	Begin=457.336|End=457.798	_	_	_	_
159-0	BO097	159	ma	ma	linguistic	_	Begin=461.908	_	_	_	_
159-1	BO097	159	perché,	perché	linguistic	Intonation=weakly_rising	_	_	_	_	_
159-2	BO097	159	(.)	[PAUSE]	shortpause	_	_	_	_	_	_
159-3	BO097	159	cioè	cioè	linguistic	_	End=463.048	_	_	_	_
160-0	BO097	160	all'	all'	linguistic	SpaceAfter=No	Begin=463.711	_	_	_	_
160-1	BO097	160	inizio::	inizio	linguistic	_	_	5x2	_	_	_
160-2	BO097	160	con	con	linguistic	_	_	_	_	_	_
160-3	BO097	160	il	il	linguistic	_	_	_	_	_	_
160-4	BO097	160	fatto	fatto	linguistic	_	_	_	_	_	_
160-5	BO097	160	che	che	linguistic	_	_	_	_	_	_
160-6	BO097	160	c'	c'	linguistic	SpaceAfter=No	_	_	_	_	_
160-7	BO097	160	eravamo	eravamo	linguistic	_	_	_	_	_	_
160-8	BO097	160	seduti	seduti	linguistic	_	_	_	_	_	_
160-9	BO097	160	vicini	vicini	linguistic	_	End=467.307	_	_	_	_
161-0	BO095	161	mhmh	mhmh	linguistic	_	Begin=467.423|End=467.995	_	_	_	_
162-0	BO097	162	tempo	tempo	linguistic	_	Begin=468.31	_	_	_	_
162-1	BO097	162	fa	fa	linguistic	_	End=469.003	_	_	_	_
163-0	BO097	163	eh	eh	linguistic	_	Begin=469.562	_	_	_	_
163-1	BO097	163	qualche	qualche	linguistic	_	_	_	_	_	_
163-2	BO097	163	volta	volta	linguistic	_	_	_	_	_	_
163-3	BO097	163	cioè	cioè	linguistic	_	_	_	_	_	_
163-4	BO097	163	ci	ci	linguistic	_	_	_	_	_	_
163-5	BO097	163	siamo	siamo	linguistic	_	_	_	_	_	_
163-6	BO097	163	un	un	linguistic	_	_	_	_	_	_
163-7	BO097	163	po'	po'	linguistic	_	_	_	_	_	_
163-8	BO097	163	guardati	guardati	linguistic	_	_	_	_	_	_
163-9	BO097	163	come	come	linguistic	_	_	_	_	_	_
163-10	BO097	163	a	a	linguistic	_	_	_	_	_	_
163-11	BO097	163	dire	dire	linguistic	_	End=472.455	_	_	_	_
164-0	BO097	164	ti	ti	linguistic	_	Begin=472.874	_	_	_	_
164-1	BO097	164	voglio	voglio	linguistic	_	_	_	_	_	_
164-2	BO097	164	parlare	parlare	linguistic	_	_	_	_	_	_
164-3	BO097	164	così	così	linguistic	_	End=474.203	_	_	_	_
165-0	BO097	165	però	però	linguistic	_	Begin=474.31|End=474.622	_	_	_	_
166-0	BO097	166	poi	poi	linguistic	_	Begin=475.075	_	_	_	_
166-1	BO097	166	non	non	linguistic	_	_	_	_	_	_
166-2	BO097	166	è	è	linguistic	_	_	_	_	_	_
166-3	BO097	166	successo	successo	linguistic	_	_	_	_	_	_
166-4	BO097	166	e	e	linguistic	_	_	_	_	_	_
166-5	BO097	166	adesso	adesso	linguistic	_	_	_	_	_	_
166-6	BO097	166	non	non	linguistic	_	End=476.896	_	_	_	_
167-0	BO097	167	cioè	cioè	linguistic	_	Begin=477.257	_	_	_	_
167-1	BO097	167	m:::h	mh	linguistic	_	_	0x3	_	_	_
167-2	BO097	167	ovviamente	ovviamente	linguistic	_	_	_	_	_	_
167-3	BO097	167	dopo	dopo	linguistic	_	_	_	_	_	_
167-4	BO097	167	un	un	linguistic	_	_	_	_	_	_
167-5	BO097	167	po'	po'	linguistic	_	_	_	_	_	_
167-6	BO097	167	non	non	linguistic	_	_	_	_	_	_
167-7	BO097	167	è	è	linguistic	_	_	_	_	_	_
167-8	BO097	167	che	che	linguistic	_	_	_	_	_	_
167-9	BO097	167	continui	continui	linguistic	_	_	_	_	_	_
167-10	BO097	167	a	a	linguistic	_	_	_	_	_	_
167-11	BO097	167	[scambiarti	scambiarti	linguistic	_	_	_	_	_	0-10(18)
167-12	BO097	167	questi	questi	linguistic	_	_	_	_	_	0-6(18)
167-13	BO097	167	sguardi]	sguardi	linguistic	_	_	_	_	_	0-7(18)
167-14	BO097	167	no?	no	linguistic	Intonation=Rising	End=481.603	_	_	_	_
168-0	BO095	168	[perché	perché	linguistic	_	Begin=479.385	_	_	_	0-6(18)
168-1	BO095	168	più	più	linguistic	_	_	_	_	_	0-3(18)
168-2	BO095	168	il	il	linguistic	_	_	_	_	_	0-2(18)
168-3	BO095	168	tempo	tempo	linguistic	_	_	_	_	_	0-5(18)
168-4	BO095	168	passa	passa	linguistic	_	_	_	_	_	0-5(18)
168-5	BO095	168	più]	più	linguistic	_	End=481.259	_	_	_	0-3(18)
169-0	BO097	169	e	e	linguistic	_	Begin=482.187	_	_	_	_
169-1	BO097	169	ieri	ieri	linguistic	_	_	_	_	_	_
169-2	BO097	169	c'	c'	linguistic	SpaceAfter=No	_	_	_	_	_
169-3	BO097	169	è	è	linguistic	_	_	_	_	_	_
169-4	BO097	169	stata	stata	linguistic	_	_	_	_	_	_
169-5	BO097	169	sta	sta	linguistic	_	_	_	_	_	_
169-6	BO097	169	cosa	cosa	linguistic	_	_	_	_	_	_
169-7	BO097	169	strana	strana	linguistic	_	_	_	_	_	_
169-8	BO097	169	per	per	linguistic	_	_	_	_	_	_
169-9	BO097	169	cui	cui	linguistic	_	End=484.614	_	_	_	_
170-0	BO097	170	lui	lui	linguistic	_	Begin=485.826	_	_	_	_
170-1	BO097	170	non	non	linguistic	_	_	_	_	_	_
170-2	BO097	170	c'	c'	linguistic	SpaceAfter=No	_	_	_	_	_
170-3	BO097	170	era	era	linguistic	_	_	_	_	_	_
170-4	BO097	170	a	a	linguistic	_	_	_	_	_	_
170-5	BO097	170	lezione	lezione	linguistic	_	End=487.181	_	_	_	_
171-0	BO095	171	mhmh	mhmh	linguistic	_	Begin=487.62|End=488.115	_	_	_	_
172-0	BO097	172	dopo	dopo	linguistic	_	Begin=488.745	_	_	_	_
172-1	BO097	172	io	io	linguistic	_	_	_	_	_	_
172-2	BO097	172	ero	ero	linguistic	_	_	_	_	_	_
172-3	BO097	172	in	in	linguistic	_	_	_	_	_	_
172-4	BO097	172	giro,	giro	linguistic	Intonation=weakly_rising	End=490.296	_	_	_	_
173-0	BO097	173	a	a	linguistic	_	Begin=491.514	_	_	_	_
173-1	BO097	173	cercare	cercare	linguistic	_	_	_	_	_	_
173-2	BO097	173	delle	delle	linguistic	_	_	_	_	_	_
173-3	BO097	173	scarpe,	scarpe	linguistic	Intonation=weakly_rising	End=492.977	_	_	_	_
174-0	BO097	174	e	e	linguistic	_	Begin=493.399	_	_	_	_
174-1	BO097	174	mi	mi	linguistic	_	_	_	_	_	_
174-2	BO097	174	ha	ha	linguistic	_	_	_	_	_	_
174-3	BO097	174	chimato	chimato	linguistic	_	_	_	_	_	_
174-4	BO097	174	un	un	linguistic	_	_	_	_	_	_
174-5	BO097	174	mio	mio	linguistic	_	_	_	_	_	_
174-6	BO097	174	amico.	amico	linguistic	Intonation=Falling	End=494.74	_	_	_	_
175-0	BO097	175	questo	questo	linguistic	_	Begin=496.134	_	_	_	_
175-1	BO097	175	di	di	linguistic	_	_	_	_	_	_
175-2	BO097	175	sciacca	sciacca	linguistic	_	End=497.214	_	_	_	_
176-0	BO095	176	mhmh,	mhmh	linguistic	Intonation=weakly_rising	Begin=497.46|End=497.843	_	_	_	_
177-0	BO097	177	che	che	linguistic	_	Begin=497.843	_	_	_	_
177-1	BO097	177	al	al	linguistic	_	_	_	_	_	_
177-2	BO097	177	momento	momento	linguistic	_	_	_	_	_	_
177-3	BO097	177	è	è	linguistic	_	_	_	_	_	_
177-4	BO097	177	in	in	linguistic	_	_	_	_	_	_
177-5	BO097	177	in	in	linguistic	_	_	_	_	_	_
177-6	BO097	177	seminario	seminario	linguistic	_	End=500.722	_	_	_	_
178-0	BO097	178	e	e	linguistic	_	Begin=501.727	_	_	_	_
178-1	BO097	178	quindi	quindi	linguistic	_	End=502.362	_	_	_	_
179-0	BO097	179	non	non	linguistic	_	Begin=502.837	_	_	_	_
179-1	BO097	179	lo	lo	linguistic	_	_	_	_	_	_
179-2	BO097	179	sento	sento	linguistic	_	_	_	_	_	_
179-3	BO097	179	da	da	linguistic	_	_	_	_	_	_
179-4	BO097	179	un	un	linguistic	_	_	_	_	_	_
179-5	BO097	179	sacco	sacco	linguistic	_	_	_	_	_	_
179-6	BO097	179	di	di	linguistic	_	_	_	_	_	_
179-7	BO097	179	tem~	tem~	linguistic	Interrupted=Yes	_	_	_	_	_
179-8	BO097	179	cioè	cioè	linguistic	_	_	_	_	_	_
179-9	BO097	179	da	da	linguistic	_	_	_	_	_	_
179-10	BO097	179	un	un	linguistic	_	_	_	_	_	_
179-11	BO097	179	po'	po'	linguistic	_	_	_	_	_	_
179-12	BO097	179	di	di	linguistic	_	_	_	_	_	_
179-13	BO097	179	tempo,	tempo	linguistic	Intonation=weakly_rising	End=505.262	_	_	_	_
180-0	BO097	180	mi	mi	linguistic	_	Begin=505.399	_	_	_	_
180-1	BO097	180	ha	ha	linguistic	_	_	_	_	_	_
180-2	BO097	180	chiamato	chiamato	linguistic	_	_	_	_	_	_
180-3	BO097	180	ci	ci	linguistic	_	_	_	_	_	_
180-4	BO097	180	siamo	siamo	linguistic	_	_	_	_	_	_
180-5	BO097	180	messi	messi	linguistic	_	_	_	_	_	_
180-6	BO097	180	a	a	linguistic	_	_	_	_	_	_
180-7	BO097	180	chiacchierare	chiacchierare	linguistic	_	_	_	_	_	_
180-8	BO097	180	io	io	linguistic	_	_	_	_	_	_
180-9	BO097	180	sono	sono	linguistic	_	_	_	_	_	_
180-10	BO097	180	andata	andata	linguistic	_	_	_	_	_	_
180-11	BO097	180	un	un	linguistic	_	_	_	_	_	_
180-12	BO097	180	po'	po'	linguistic	_	_	_	_	_	_
180-13	BO097	180	in	in	linguistic	_	_	_	_	_	_
180-14	BO097	180	giro	giro	linguistic	_	_	_	_	_	_
180-15	BO097	180	a	a	linguistic	_	_	_	_	_	_
180-16	BO097	180	un	un	linguistic	_	_	_	_	_	_
180-17	BO097	180	certo	certo	linguistic	_	_	_	_	_	_
180-18	BO097	180	punto	punto	linguistic	_	_	_	_	_	_
180-19	BO097	180	mi	mi	linguistic	_	_	_	_	_	_
180-20	BO097	180	sono	sono	linguistic	_	End=509.151	_	_	_	_
181-0	BO097	181	seduta	seduta	linguistic	_	Begin=510.124|End=510.751	_	_	_	_
182-0	BO097	182	barra	barra	linguistic	_	Begin=511.439	_	_	_	_
182-1	BO097	182	appoggiata	appoggiata	linguistic	_	_	_	_	_	_
182-2	BO097	182	ad	ad	linguistic	_	_	_	_	_	_
182-3	BO097	182	una	una	linguistic	_	_	_	_	_	_
182-4	BO097	182	colonna	colonna	linguistic	_	_	_	_	_	_
182-5	BO097	182	in	in	linguistic	_	_	_	_	_	_
182-6	BO097	182	via:::	via	linguistic	_	_	2x3	_	_	_
182-7	BO097	182	indipendenza,	indipendenza	linguistic	Intonation=weakly_rising	End=515.395	_	_	_	_
183-0	BO097	183	guardando	guardando	linguistic	_	Begin=517.592	_	_	_	_
183-1	BO097	183	il	il	linguistic	_	_	_	_	_	_
183-2	BO097	183	marciapiede	marciapiede	linguistic	_	End=518.955	_	_	_	_
184-0	BO097	184	cioè	cioè	linguistic	_	Begin=520.274	_	_	_	_
184-1	BO097	184	sotto	sotto	linguistic	_	_	_	_	_	_
184-2	BO097	184	il	il	linguistic	_	_	_	_	_	_
184-3	BO097	184	portico	portico	linguistic	_	_	_	_	_	_
184-4	BO097	184	no?	no	linguistic	Intonation=Rising	End=521.451	_	_	_	_
185-0	BO095	185	mhmh,	mhmh	linguistic	Intonation=weakly_rising	Begin=521.519|End=521.94	_	_	_	_
186-0	BO097	186	e	e	linguistic	_	Begin=522.611	_	_	_	_
186-1	BO097	186	vedo	vedo	linguistic	_	_	_	_	_	_
186-2	BO097	186	arrivare,	arrivare	linguistic	Intonation=weakly_rising	End=523.755	_	_	_	_
187-0	BO097	187	questo	questo	linguistic	_	Begin=524.57	_	_	_	_
187-1	BO097	187	tizio	tizio	linguistic	_	_	_	_	_	_
187-2	BO097	187	cioè	cioè	linguistic	_	_	_	_	_	_
187-3	BO097	187	questo	questo	linguistic	_	_	_	_	_	_
187-4	BO097	187	ragazzo	ragazzo	linguistic	_	_	_	_	_	_
187-5	BO097	187	con	con	linguistic	_	_	_	_	_	_
187-6	BO097	187	un	un	linguistic	_	_	_	_	_	_
187-7	BO097	187	altro	altro	linguistic	_	_	_	_	_	_
187-8	BO097	187	che	che	linguistic	_	_	_	_	_	_
187-9	BO097	187	camminava	camminava	linguistic	_	_	_	_	_	_
187-10	BO097	187	chiacchieravano	chiacchieravano	linguistic	_	End=528.796	_	_	_	_
188-0	BO097	188	e	e	linguistic	_	Begin=529.862	_	_	_	_
188-1	BO097	188	quindi	quindi	linguistic	_	_	_	_	_	_
188-2	BO097	188	a	a	linguistic	_	_	_	_	_	_
188-3	BO097	188	un	un	linguistic	_	_	_	_	_	_
188-4	BO097	188	certo	certo	linguistic	_	_	_	_	_	_
188-5	BO097	188	punto	punto	linguistic	_	_	_	_	_	_
188-6	BO097	188	cioè	cioè	linguistic	_	_	_	_	_	_
188-7	BO097	188	è	è	linguistic	_	_	_	_	_	_
188-8	BO097	188	passato	passato	linguistic	_	_	_	_	_	_
188-9	BO097	188	davanti	davanti	linguistic	_	_	_	_	_	_
188-10	BO097	188	a	a	linguistic	_	_	_	_	_	_
188-11	BO097	188	me	me	linguistic	_	End=532.633	_	_	_	_
189-0	BO095	189	mhmh,	mhmh	linguistic	Intonation=weakly_rising	Begin=532.771|End=533.183	_	_	_	_
190-0	BO097	190	e	e	linguistic	_	Begin=533.512	_	_	_	_
190-1	BO097	190	mi	mi	linguistic	_	_	_	_	_	_
190-2	BO097	190	ha	ha	linguistic	_	_	_	_	_	_
190-3	BO097	190	guardato,	guardato	linguistic	Intonation=weakly_rising	_	_	_	_	_
190-4	BO097	190	io	io	linguistic	_	_	_	_	_	_
190-5	BO097	190	l'	l'	linguistic	SpaceAfter=No	_	_	_	_	_
190-6	BO097	190	ho	ho	linguistic	_	_	_	_	_	_
190-7	BO097	190	guardato	guardato	linguistic	_	_	_	_	_	_
190-8	BO097	190	però	però	linguistic	_	_	_	_	_	_
190-9	BO097	190	cioè	cioè	linguistic	_	End=536.1	_	_	_	_
191-0	BO095	191	ti	ti	linguistic	_	Begin=537.244	_	_	_	_
191-1	BO095	191	ha	ha	linguistic	_	_	_	_	_	_
191-2	BO095	191	riconosciuta	riconosciuta	linguistic	_	_	_	_	_	_
191-3	BO095	191	[si	si	linguistic	_	_	_	_	_	0-2(19)
191-4	BO095	191	è	è	linguistic	_	_	_	_	_	0-1(19)
191-5	BO095	191	visto],	visto	linguistic	Intonation=weakly_rising	End=538.98	_	_	_	0-5(19)
192-0	BO097	192	[sì::	sì	linguistic	_	Begin=538.205	1x2	_	_	0-2(19)
192-1	BO097	192	però],	però	linguistic	Intonation=weakly_rising	End=538.98	_	_	_	0-4(19)
193-0	BO097	193	cioè	cioè	linguistic	_	Begin=539.279	_	_	_	_
193-1	BO097	193	non	non	linguistic	_	_	_	_	_	_
193-2	BO097	193	non	non	linguistic	_	_	_	_	_	_
193-3	BO097	193	c'	c'	linguistic	SpaceAfter=No	_	_	_	_	_
193-4	BO097	193	è	è	linguistic	_	_	_	_	_	_
193-5	BO097	193	stato	stato	linguistic	_	_	_	_	_	_
193-6	BO097	193	uno	uno	linguistic	_	_	_	_	_	_
193-7	BO097	193	sguardo	sguardo	linguistic	_	_	_	_	_	_
193-8	BO097	193	come	come	linguistic	_	_	_	_	_	_
193-9	BO097	193	dire:::	dire	linguistic	_	End=542.244	3x3	_	_	_
194-0	BO097	194	oh	oh	linguistic	_	Begin=542.581	_	_	_	_
194-1	BO097	194	mio	mio	linguistic	_	_	_	_	_	_
194-2	BO097	194	dio	dio	linguistic	_	_	_	_	_	_
194-3	BO097	194	sei	sei	linguistic	_	_	_	_	_	_
194-4	BO097	194	tu	tu	linguistic	_	_	_	_	_	_
194-5	BO097	194	della	della	linguistic	_	_	_	_	_	_
194-6	BO097	194	lezione	lezione	linguistic	_	End=545.022	_	_	_	_
195-0	BO097	195	oh	oh	linguistic	_	Begin=545.397	_	_	_	_
195-1	BO097	195	sei	sei	linguistic	_	_	_	_	_	_
195-2	BO097	195	quella	quella	linguistic	_	_	_	_	_	_
195-3	BO097	195	con	con	linguistic	_	_	_	_	_	_
195-4	BO097	195	cui	cui	linguistic	_	_	_	_	_	_
195-5	BO097	195	vorrei	vorrei	linguistic	_	_	_	_	_	_
195-6	BO097	195	parlare	parlare	linguistic	_	_	_	_	_	_
195-7	BO097	195	cioè:::	cioè	linguistic	_	End=547.937	3x3	_	_	_
196-0	BO095	196	((ride))	((ride))	nonverbalbehavior	_	Begin=546.401|End=546.888	_	_	_	_
197-0	BO095	197	il	il	linguistic	_	Begin=548.342	_	_	_	_
197-1	BO095	197	momento	momento	linguistic	_	End=549.209	_	_	_	_
198-0	BO097	198	no::	no	linguistic	_	Begin=549.584	1x2	_	_	_
198-1	BO097	198	cioè	cioè	linguistic	_	_	_	_	_	_
198-2	BO097	198	e	e	linguistic	_	_	_	_	_	_
198-3	BO097	198	infatti	infatti	linguistic	_	_	_	_	_	_
198-4	BO097	198	io	io	linguistic	_	_	_	_	_	_
198-5	BO097	198	mi	mi	linguistic	_	_	_	_	_	_
198-6	BO097	198	aspettavo	aspettavo	linguistic	_	_	_	_	_	_
198-7	BO097	198	qualcosa	qualcosa	linguistic	_	_	_	_	_	_
198-8	BO097	198	del	del	linguistic	_	_	_	_	_	_
198-9	BO097	198	genere	genere	linguistic	_	End=553.385	_	_	_	_
199-0	BO097	199	invece	invece	linguistic	_	Begin=553.603	_	_	_	_
199-1	BO097	199	è	è	linguistic	_	_	_	_	_	_
199-2	BO097	199	stato	stato	linguistic	_	_	_	_	_	_
199-3	BO097	199	proprio	proprio	linguistic	_	_	_	_	_	_
199-4	BO097	199	uno	uno	linguistic	_	_	_	_	_	_
199-5	BO097	199	sguardo	sguardo	linguistic	_	_	_	_	_	_
199-6	BO097	199	insignificante	insignificante	linguistic	_	End=555.718	_	_	_	_
200-0	BO097	200	cioè	cioè	linguistic	_	Begin=556.144	_	_	_	_
200-1	BO097	200	(.)	[PAUSE]	shortpause	_	_	_	_	_	_
200-2	BO097	200	lui	lui	linguistic	_	_	_	_	_	_
200-3	BO097	200	no~	no~	linguistic	Interrupted=Yes	_	_	_	_	_
200-4	BO097	200	lui	lui	linguistic	_	_	_	_	_	_
200-5	BO097	200	continuava	continuava	linguistic	_	_	_	_	_	_
200-6	BO097	200	a	a	linguistic	_	_	_	_	_	_
200-7	BO097	200	parlare	parlare	linguistic	_	_	_	_	_	_
200-8	BO097	200	e	e	linguistic	_	_	_	_	_	_
200-9	BO097	200	io	io	linguistic	_	_	_	_	_	_
200-10	BO097	200	continuavo	continuavo	linguistic	_	_	_	_	_	_
200-11	BO097	200	a	a	linguistic	_	_	_	_	_	_
200-12	BO097	200	parlare,	parlare	linguistic	Intonation=weakly_rising	End=559.562	_	_	_	_
201-0	BO097	201	e	e	linguistic	_	Begin=560.158	_	_	_	_
201-1	BO097	201	mi	mi	linguistic	_	_	_	_	_	_
201-2	BO097	201	è	è	linguistic	_	_	_	_	_	_
201-3	BO097	201	spiaciuto	spiaciuto	linguistic	_	_	_	_	_	_
201-4	BO097	201	mi	mi	linguistic	_	_	_	_	_	_
201-5	BO097	201	ha	ha	linguistic	_	_	_	_	_	_
201-6	BO097	201	fatto	fatto	linguistic	_	_	_	_	_	_
201-7	BO097	201	[pensare	pensare	linguistic	_	_	_	_	_	0-7(20)
201-8	BO097	201	che	che	linguistic	_	_	_	_	_	0-3(20)
201-9	BO097	201	non]	non	linguistic	_	End=562.388	_	_	_	0-3(20)
202-0	BO095	202	[o:::h	oh	linguistic	_	Begin=561.459	0x3	_	_	0-2(20)
202-1	BO095	202	mi	mi	linguistic	_	_	_	_	_	0-2(20)
202-2	BO095	202	dispia]::[ce::]	dispiace	linguistic	_	End=563.037	5x2,7x2	_	_	0-6(20),6-8(21)
203-0	BO097	203	[che	che	linguistic	_	Begin=562.802	_	_	_	0-3(21)
203-1	BO097	203	ormai]	ormai	linguistic	_	_	_	_	_	0-5(21)
203-2	BO097	203	l'	l'	linguistic	SpaceAfter=No	_	_	_	_	_
203-3	BO097	203	occasione	occasione	linguistic	_	_	_	_	_	_
203-4	BO097	203	è	è	linguistic	_	_	_	_	_	_
203-5	BO097	203	persa	persa	linguistic	_	_	_	_	_	_
203-6	BO097	203	e	e	linguistic	_	_	_	_	_	_
203-7	BO097	203	non	non	linguistic	_	_	_	_	_	_
203-8	BO097	203	tornerà	tornerà	linguistic	_	End=565.381	_	_	_	_
204-0	BO095	204	invece	invece	linguistic	_	Begin=565.42	_	_	_	_
204-1	BO095	204	prima::	prima	linguistic	_	_	4x2	_	_	_
204-2	BO095	204	ci	ci	linguistic	_	_	_	_	_	_
204-3	BO095	204	vedevi	vedevi	linguistic	_	_	_	_	_	_
204-4	BO095	204	qualcosa?	qualcosa	linguistic	Intonation=Rising	End=567.6	_	_	_	_
205-0	BO097	205	sì:::[	sì	linguistic	ProsodicLink=Yes	Begin=567.694	1x3	_	_	_
205-1	BO097	205	mh]	mh	linguistic	_	End=568.894	_	_	_	0-2(22)
206-0	BO095	206	[più:::]	più	linguistic	_	Begin=568.17|End=568.877	2x3	_	_	0-3(22)
207-0	BO095	207	un	un	linguistic	_	Begin=568.933	_	_	_	_
207-1	BO095	207	interesse	interesse	linguistic	_	End=569.874	_	_	_	_
208-0	BO097	208	sì	sì	linguistic	_	Begin=570.102	_	_	_	_
208-1	BO097	208	mi	mi	linguistic	_	_	_	_	_	_
208-2	BO097	208	sembrava	sembrava	linguistic	_	_	_	_	_	_
208-3	BO097	208	che	che	linguistic	_	End=571.17	_	_	_	_
209-0	BO097	209	potesse::	potesse	linguistic	_	Begin=571.967	6x2	_	_	_
209-1	BO097	209	prima	prima	linguistic	_	_	_	_	_	_
209-2	BO097	209	o	o	linguistic	_	_	_	_	_	_
209-3	BO097	209	poi:::	poi	linguistic	_	End=574.166	2x3	_	_	_
210-0	BO097	210	cioè	cioè	linguistic	_	Begin=575.73	_	_	_	_
210-1	BO097	210	capitare	capitare	linguistic	_	_	_	_	_	_
210-2	BO097	210	che	che	linguistic	_	_	_	_	_	_
210-3	BO097	210	ci	ci	linguistic	_	_	_	_	_	_
210-4	BO097	210	parlassimo	parlassimo	linguistic	_	_	_	_	_	_
210-5	BO097	210	così	così	linguistic	_	_	_	_	_	_
210-6	BO097	210	adesso	adesso	linguistic	_	_	_	_	_	_
210-7	BO097	210	ormai,	ormai	linguistic	Intonation=weakly_rising	End=578.892	_	_	_	_
211-0	BO097	211	cioè	cioè	linguistic	_	Begin=581.466	_	_	_	_
211-1	BO097	211	xx	x	unknown	_	End=582.055	_	_	_	_
212-0	BO097	212	bisognerebbe	bisognerebbe	linguistic	_	Begin=582.321	_	_	_	_
212-1	BO097	212	farlo	farlo	linguistic	_	_	_	_	_	_
212-2	BO097	212	apposta	apposta	linguistic	_	_	_	_	_	_
212-3	BO097	212	(.)	[PAUSE]	shortpause	_	_	_	_	_	_
212-4	BO097	212	non	non	linguistic	_	_	_	_	_	_
212-5	BO097	212	so	so	linguistic	_	_	_	_	_	_
212-6	BO097	212	come	come	linguistic	_	_	_	_	_	_
212-7	BO097	212	dire	dire	linguistic	_	End=585.029	_	_	_	_
213-0	BO097	213	però:::	però	linguistic	ProsodicLink=Yes	Begin=585.284	3x3	_	_	_
213-1	BO097	213	mh	mh	linguistic	_	End=586.033	_	_	_	_
214-0	BO097	214	non	non	linguistic	_	Begin=586.375	_	_	_	_
214-1	BO097	214	sono	sono	linguistic	_	_	_	_	_	_
214-2	BO097	214	capace	capace	linguistic	_	_	_	_	_	_
214-3	BO097	214	a	a	linguistic	_	_	_	_	_	_
214-4	BO097	214	fare	fare	linguistic	_	_	_	_	_	_
214-5	BO097	214	xxx	x	unknown	_	End=588.181	_	_	_	_
215-0	BO095	215	guarda	guarda	linguistic	_	Begin=589.035	_	_	_	_
215-1	BO095	215	siamo	siamo	linguistic	_	_	_	_	_	_
215-2	BO095	215	sulla	sulla	linguistic	_	_	_	_	_	_
215-3	BO095	215	stessa	stessa	linguistic	_	_	_	_	_	_
215-4	BO095	215	barca	barca	linguistic	_	_	_	_	_	_
215-5	BO095	215	perché	perché	linguistic	_	_	_	_	_	_
215-6	BO095	215	io	io	linguistic	_	_	_	_	_	_
215-7	BO095	215	sono	sono	linguistic	_	_	_	_	_	_
215-8	BO095	215	identica	identica	linguistic	_	End=591.281	_	_	_	_
216-0	BO095	216	((ride))	((ride))	nonverbalbehavior	_	Begin=591.715|End=592.163	_	_	_	_
217-0	BO097	217	c'	c'	linguistic	SpaceAfter=No	Begin=595.344	_	_	_	_
217-1	BO097	217	è	è	linguistic	_	_	_	_	_	_
217-2	BO097	217	stata	stata	linguistic	_	_	_	_	_	_
217-3	BO097	217	anche	anche	linguistic	_	_	_	_	_	_
217-4	BO097	217	una	una	linguistic	_	_	_	_	_	_
217-5	BO097	217	lezione	lezione	linguistic	_	_	_	_	_	_
217-6	BO097	217	settimana	settimana	linguistic	_	_	_	_	_	_
217-7	BO097	217	scorsa	scorsa	linguistic	_	_	_	_	_	_
217-8	BO097	217	in	in	linguistic	_	_	_	_	_	_
217-9	BO097	217	cui	cui	linguistic	_	End=597.733	_	_	_	_
218-0	BO097	218	io	io	linguistic	_	Begin=598.626	_	_	_	_
218-1	BO097	218	e	e	linguistic	_	_	_	_	_	_
218-2	BO097	218	arrigo	arrigo	linguistic	_	_	_	_	_	_
218-3	BO097	218	ci	ci	linguistic	_	_	_	_	_	_
218-4	BO097	218	siamo	siamo	linguistic	_	_	_	_	_	_
218-5	BO097	218	messi	messi	linguistic	_	_	_	_	_	_
218-6	BO097	218	a	a	linguistic	_	_	_	_	_	_
218-7	BO097	218	parlare	parlare	linguistic	_	_	_	_	_	_
218-8	BO097	218	con	con	linguistic	_	_	_	_	_	_
218-9	BO097	218	degli	degli	linguistic	_	_	_	_	_	_
218-10	BO097	218	altri	altri	linguistic	_	_	_	_	_	_
218-11	BO097	218	ragazzi	ragazzi	linguistic	_	End=601.762	_	_	_	_
219-0	BO095	219	mhmh,	mhmh	linguistic	Intonation=weakly_rising	Begin=601.762|End=602.072	_	_	_	_
220-0	BO097	220	una	una	linguistic	_	Begin=602.072	_	_	_	_
220-1	BO097	220	ragazza	ragazza	linguistic	_	_	_	_	_	_
220-2	BO097	220	che	che	linguistic	_	_	_	_	_	_
220-3	BO097	220	era	era	linguistic	_	_	_	_	_	_
220-4	BO097	220	seduta	seduta	linguistic	_	_	_	_	_	_
220-5	BO097	220	sotto	sotto	linguistic	_	_	_	_	_	_
220-6	BO097	220	di	di	linguistic	_	_	_	_	_	_
220-7	BO097	220	noi	noi	linguistic	_	_	_	_	_	_
220-8	BO097	220	e	e	linguistic	_	_	_	_	_	_
220-9	BO097	220	gli	gli	linguistic	_	_	_	_	_	_
220-10	BO097	220	amici	amici	linguistic	_	_	_	_	_	_
220-11	BO097	220	di	di	linguistic	_	_	_	_	_	_
220-12	BO097	220	lei	lei	linguistic	_	_	_	_	_	_
220-13	BO097	220	erano	erano	linguistic	_	_	_	_	_	_
220-14	BO097	220	sopra	sopra	linguistic	_	_	_	_	_	_
220-15	BO097	220	di	di	linguistic	_	_	_	_	_	_
220-16	BO097	220	noi	noi	linguistic	_	End=605.977	_	_	_	_
221-0	BO095	221	mhmh	mhmh	linguistic	_	Begin=606.096|End=606.618	_	_	_	_
222-0	BO097	222	e	e	linguistic	_	Begin=606.727	_	_	_	_
222-1	BO097	222	quindi	quindi	linguistic	_	_	_	_	_	_
222-2	BO097	222	ci	ci	linguistic	_	_	_	_	_	_
222-3	BO097	222	siamo	siamo	linguistic	_	_	_	_	_	_
222-4	BO097	222	inseriti	inseriti	linguistic	_	_	_	_	_	_
222-5	BO097	222	nella	nella	linguistic	_	_	_	_	_	_
222-6	BO097	222	conversaz[ione]	conversazione	linguistic	_	End=608.977	_	_	_	9-13(23)
223-0	BO095	223	((ride))	((ride))	nonverbalbehavior	_	Begin=607.63|End=608.056	_	_	_	_
224-0	BO095	224	[sì]	sì	linguistic	_	Begin=608.687|End=608.979	_	_	_	0-2(23)
225-0	BO097	225	e	e	linguistic	_	Begin=610.762	_	_	_	_
225-1	BO097	225	a	a	linguistic	_	_	_	_	_	_
225-2	BO097	225	quanto	quanto	linguistic	_	_	_	_	_	_
225-3	BO097	225	pare	pare	linguistic	_	_	_	_	_	_
225-4	BO097	225	in	in	linguistic	_	_	_	_	_	_
225-5	BO097	225	questo	questo	linguistic	_	_	_	_	_	_
225-6	BO097	225	gruppetto	gruppetto	linguistic	_	_	_	_	_	_
225-7	BO097	225	c'	c'	linguistic	SpaceAfter=No	_	_	_	_	_
225-8	BO097	225	è	è	linguistic	_	_	_	_	_	_
225-9	BO097	225	anche	anche	linguistic	_	_	_	_	_	_
225-10	BO097	225	questo	questo	linguistic	_	_	_	_	_	_
225-11	BO097	225	ragazzo	ragazzo	linguistic	_	_	_	_	_	_
225-12	BO097	225	qui	qui	linguistic	_	End=614.355	_	_	_	_
226-0	BO097	226	che	che	linguistic	_	Begin=614.587	_	_	_	_
226-1	BO097	226	infatti	infatti	linguistic	_	_	_	_	_	_
226-2	BO097	226	si	si	linguistic	_	_	_	_	_	_
226-3	BO097	226	è	è	linguistic	_	_	_	_	_	_
226-4	BO097	226	seduto	seduto	linguistic	_	_	_	_	_	_
226-5	BO097	226	di	di	linguistic	_	_	_	_	_	_
226-6	BO097	226	fianco	fianco	linguistic	_	_	_	_	_	_
226-7	BO097	226	a	a	linguistic	_	_	_	_	_	_
226-8	BO097	226	arrigo	arrigo	linguistic	_	End=616.929	_	_	_	_
227-0	BO097	227	e	e	linguistic	_	Begin=617.369	_	_	_	_
227-1	BO097	227	e	e	linguistic	_	_	_	_	_	_
227-2	BO097	227	lì	lì	linguistic	_	_	_	_	_	_
227-3	BO097	227	c'	c'	linguistic	SpaceAfter=No	_	_	_	_	_
227-4	BO097	227	è	è	linguistic	_	_	_	_	_	_
227-5	BO097	227	stato	stato	linguistic	_	_	_	_	_	_
227-6	BO097	227	questo	questo	linguistic	_	_	_	_	_	_
227-7	BO097	227	sguardo	sguardo	linguistic	_	_	_	_	_	_
227-8	BO097	227	tipo	tipo	linguistic	_	End=619.814	_	_	_	_
228-0	BO095	228	((ride))	((ride))	nonverbalbehavior	_	Begin=619.838|End=620.169	_	_	_	_
229-0	BO097	229	oddio	oddio	linguistic	_	Begin=620.151	_	_	_	_
229-1	BO097	229	siamo	siamo	linguistic	_	_	_	_	_	_
229-2	BO097	229	seduti	seduti	linguistic	_	_	_	_	_	_
229-3	BO097	229	a	a	linguistic	_	_	_	_	_	_
229-4	BO097	229	due	due	linguistic	_	_	_	_	_	_
229-5	BO097	229	posti	posti	linguistic	_	_	_	_	_	_
229-6	BO097	229	di	di	linguistic	_	_	_	_	_	_
229-7	BO097	229	distanza,	distanza	linguistic	Intonation=weakly_rising	End=622.677	_	_	_	_
230-0	BO097	230	però	però	linguistic	_	Begin=622.931	_	_	_	_
230-1	BO097	230	poi	poi	linguistic	_	_	_	_	_	_
230-2	BO097	230	non	non	linguistic	_	_	_	_	_	_
230-3	BO097	230	è	è	linguistic	_	_	_	_	_	_
230-4	BO097	230	success~	success~	linguistic	Interrupted=Yes	_	_	_	_	_
230-5	BO097	230	cioè	cioè	linguistic	_	_	_	_	_	_
230-6	BO097	230	poi	poi	linguistic	_	_	_	_	_	_
230-7	BO097	230	non	non	linguistic	_	_	_	_	_	_
230-8	BO097	230	ci	ci	linguistic	_	_	_	_	_	_
230-9	BO097	230	siamo	siamo	linguistic	_	_	_	_	_	_
230-10	BO097	230	nemmeno	nemmeno	linguistic	_	_	_	_	_	_
230-11	BO097	230	rivolti	rivolti	linguistic	_	_	_	_	_	_
230-12	BO097	230	la	la	linguistic	_	_	_	_	_	_
230-13	BO097	230	parola,	parola	linguistic	Intonation=weakly_rising	End=626.685	_	_	_	_
231-0	BO095	231	che	che	linguistic	_	Begin=626.703	_	_	_	_
231-1	BO095	231	rabbia	rabbia	linguistic	_	End=627.255	_	_	_	_
232-0	BO097	232	infatti::	infatti	linguistic	_	Begin=627.569	6x2	_	_	_
232-1	BO097	232	cioè	cioè	linguistic	_	End=628.892	_	_	_	_
233-0	BO097	233	boh	boh	linguistic	_	Begin=631.386|End=631.738	_	_	_	_
234-0	BO095	234	dai	dai	linguistic	_	Begin=633.085	_	_	_	_
234-1	BO095	234	non	non	linguistic	_	_	_	_	_	_
234-2	BO095	234	tutto	tutto	linguistic	_	_	_	_	_	_
234-3	BO095	234	è	è	linguistic	_	_	_	_	_	_
234-4	BO095	234	perduto	perduto	linguistic	_	End=634.333	_	_	_	_
235-0	BO095	235	magari::	magari	linguistic	_	Begin=634.661	5x2	_	_	_
235-1	BO095	235	ricapita	ricapita	linguistic	_	_	_	_	_	_
235-2	BO095	235	una	una	linguistic	_	_	_	_	_	_
235-3	BO095	235	cosa	cosa	linguistic	_	_	_	_	_	_
235-4	BO095	235	del	del	linguistic	_	_	_	_	_	_
235-5	BO095	235	genere	genere	linguistic	_	_	_	_	_	_
235-6	BO095	235	e	e	linguistic	_	_	_	_	_	_
235-7	BO095	235	magari	magari	linguistic	_	_	_	_	_	_
235-8	BO095	235	questa	questa	linguistic	_	_	_	_	_	_
235-9	BO095	235	volta	volta	linguistic	_	_	_	_	_	_
235-10	BO095	235	magari	magari	linguistic	_	_	_	_	_	_
235-11	BO095	235	sarai	sarai	linguistic	_	_	_	_	_	_
235-12	BO095	235	più	più	linguistic	_	_	_	_	_	_
235-13	BO095	235	determinata	determinata	linguistic	_	End=638.77	_	_	_	_
236-0	BO097	236	ma	ma	linguistic	_	Begin=641.822	_	_	_	_
236-1	BO097	236	sì	sì	linguistic	_	_	_	_	_	_
236-2	BO097	236	perché	perché	linguistic	_	_	_	_	_	_
236-3	BO097	236	poi	poi	linguistic	_	_	_	_	_	_
236-4	BO097	236	poi	poi	linguistic	_	_	_	_	_	_
236-5	BO097	236	magari	magari	linguistic	_	End=643.407	_	_	_	_
237-0	BO097	237	è	è	linguistic	_	Begin=643.89	_	_	_	_
237-1	BO097	237	uno	uno	linguistic	_	_	_	_	_	_
237-2	BO097	237	con	con	linguistic	_	_	_	_	_	_
237-3	BO097	237	cui	cui	linguistic	_	_	_	_	_	_
237-4	BO097	237	magari	magari	linguistic	_	_	_	_	_	_
237-5	BO097	237	non	non	linguistic	_	_	_	_	_	_
237-6	BO097	237	vado	vado	linguistic	_	_	_	_	_	_
237-7	BO097	237	neanche	neanche	linguistic	_	_	_	_	_	_
237-8	BO097	237	d'	d'	linguistic	SpaceAfter=No	_	_	_	_	_
237-9	BO097	237	accordo	accordo	linguistic	_	_	_	_	_	_
237-10	BO097	237	però,	però	linguistic	Intonation=weakly_rising	End=646.847	_	_	_	_
238-0	BO095	238	mhmh	mhmh	linguistic	_	Begin=646.847|End=647.276	_	_	_	_
239-0	BO095	239	senti	senti	linguistic	_	Begin=647.829	_	_	_	_
239-1	BO095	239	questa	questa	linguistic	_	_	_	_	_	_
239-2	BO095	239	cosa	cosa	linguistic	_	_	_	_	_	_
239-3	BO095	239	[nell'	nell'	linguistic	SpaceAfter=No	_	_	_	_	0-5(24)
239-4	BO095	239	aria]	aria	linguistic	_	End=649.385	_	_	_	0-4(24)
240-0	BO097	240	[mi	mi	linguistic	_	Begin=648.651	_	_	_	0-2(24)
240-1	BO097	240	piacerebbe]	piacerebbe	linguistic	_	_	_	_	_	0-10(24)
240-2	BO097	240	scoprirlo	scoprirlo	linguistic	_	_	_	_	_	_
240-3	BO097	240	come	come	linguistic	_	_	_	_	_	_
240-4	BO097	240	minimo	minimo	linguistic	_	End=650.762	_	_	_	_
241-0	BO095	241	certo	certo	linguistic	_	Begin=650.937|End=651.47	_	_	_	_
242-0	BO095	242	quante	quante	linguistic	_	Begin=654.588	_	_	_	_
242-1	BO095	242	lezioni	lezioni	linguistic	_	_	_	_	_	_
242-2	BO095	242	restano?	restano	linguistic	Intonation=Rising	End=655.648	_	_	_	_
243-0	BO097	243	e	e	linguistic	_	Begin=655.751	_	_	_	_
243-1	BO097	243	non	non	linguistic	_	_	_	_	_	_
243-2	BO097	243	ta[nte]	tante	linguistic	_	End=656.912	_	_	_	2-5(25)
244-0	BO095	244	[perché	perché	linguistic	_	Begin=656.485	_	_	_	0-6(25)
244-1	BO095	244	poi	poi	linguistic	_	_	_	_	_	0-3(25)
244-2	BO095	244	è]	è	linguistic	_	_	_	_	_	0-1(25)
244-3	BO095	244	quello	quello	linguistic	_	_	_	_	_	_
244-4	BO095	244	il	il	linguistic	_	_	_	_	_	_
244-5	BO095	244	pro[blema]	problema	linguistic	_	End=657.951	_	_	_	3-8(26)
245-0	BO097	245	[esa]tto	esatto	linguistic	_	Begin=657.569|End=658.245	_	_	_	0-3(26)
246-0	BO097	246	((ride))	((ride))	nonverbalbehavior	_	Begin=658.245|End=658.825	_	_	_	_
247-0	BO095	247	((ride))	((ride))	nonverbalbehavior	_	Begin=658.245|End=658.825	_	_	_	_
248-0	BO097	248	non	non	linguistic	_	Begin=659.855	_	_	_	_
248-1	BO097	248	ne	ne	linguistic	_	_	_	_	_	_
248-2	BO097	248	restano	restano	linguistic	_	_	_	_	_	_
248-3	BO097	248	tante	tante	linguistic	_	_	_	_	_	_
248-4	BO097	248	finiamo	finiamo	linguistic	_	_	_	_	_	_
248-5	BO097	248	il	il	linguistic	_	_	_	_	_	_
248-6	BO097	248	quindici	quindici	linguistic	_	_	_	_	_	_
248-7	BO097	248	dicembre,	dicembre	linguistic	Intonation=weakly_rising	End=663.251	_	_	_	_
249-0	BO097	249	però:::	però	linguistic	_	Begin=663.869|End=664.559	3x3	_	_	_
250-0	BO097	250	saltiamo	saltiamo	linguistic	_	Begin=664.9	_	_	_	_
250-1	BO097	250	un	un	linguistic	_	_	_	_	_	_
250-2	BO097	250	paio	paio	linguistic	_	_	_	_	_	_
250-3	BO097	250	di	di	linguistic	_	_	_	_	_	_
250-4	BO097	250	lezioni	lezioni	linguistic	_	End=666.377	_	_	_	_
251-0	BO097	251	ne	ne	linguistic	_	Begin=667.026	_	_	_	_
251-1	BO097	251	resteranno	resteranno	linguistic	_	_	_	_	_	_
251-2	BO097	251	cinque	cinque	linguistic	_	_	_	_	_	_
251-3	BO097	251	o	o	linguistic	_	_	_	_	_	_
251-4	BO097	251	sei	sei	linguistic	_	End=668.751	_	_	_	_
252-0	BO095	252	ho	ho	linguistic	_	Begin=670.978	_	_	_	_
252-1	BO095	252	capito	capito	linguistic	_	End=671.614	_	_	_	_
253-0	BO095	253	il	il	linguistic	_	Begin=672.685	_	_	_	_
253-1	BO095	253	tempo	tempo	linguistic	_	_	_	_	_	_
253-2	BO095	253	sgocciola	sgocciola	linguistic	_	End=673.655	_	_	_	_
254-0	BO097	254	veramente	veramente	linguistic	_	Begin=674.4|End=675.051	_	_	_	_
255-0	BO097	255	e	e	linguistic	_	Begin=680.985	_	_	_	_
255-1	BO097	255	secondo	secondo	linguistic	_	_	_	_	_	_
255-2	BO097	255	me	me	linguistic	_	_	_	_	_	_
255-3	BO097	255	devo	devo	linguistic	_	_	_	_	_	_
255-4	BO097	255	essere	essere	linguistic	_	_	_	_	_	_
255-5	BO097	255	io	io	linguistic	_	_	_	_	_	_
255-6	BO097	255	che	che	linguistic	_	_	_	_	_	_
255-7	BO097	255	mi:::	mi	linguistic	_	End=683.274	1x3	_	_	_
256-0	BO097	256	che	che	linguistic	_	Begin=683.877	_	_	_	_
256-1	BO097	256	mi	mi	linguistic	_	_	_	_	_	_
256-2	BO097	256	faccio	faccio	linguistic	_	_	_	_	_	_
256-3	BO097	256	avanti	avanti	linguistic	_	_	_	_	_	_
256-4	BO097	256	perché	perché	linguistic	_	_	_	_	_	_
256-5	BO097	256	effettivamente,	effettivamente	linguistic	Intonation=weakly_rising	End=685.737	_	_	_	_
257-0	BO097	257	cioè	cioè	linguistic	_	Begin=686.257|End=686.611	_	_	_	_
258-0	BO097	258	se	se	linguistic	_	Begin=686.869	_	_	_	_
258-1	BO097	258	lui	lui	linguistic	_	_	_	_	_	_
258-2	BO097	258	facesse	facesse	linguistic	_	_	_	_	_	_
258-3	BO097	258	coppia	coppia	linguistic	_	_	_	_	_	_
258-4	BO097	258	con	con	linguistic	_	_	_	_	_	_
258-5	BO097	258	una	una	linguistic	_	_	_	_	_	_
258-6	BO097	258	ragazza,	ragazza	linguistic	Intonation=weakly_rising	End=689.403	_	_	_	_
259-0	BO097	259	anche	anche	linguistic	_	Begin=689.65	_	_	_	_
259-1	BO097	259	se	se	linguistic	_	End=690.118	_	_	_	_
260-0	BO097	260	è	è	linguistic	_	Begin=690.304	_	_	_	_
260-1	BO097	260	eviden~	eviden~	linguistic	Interrupted=Yes	_	_	_	_	_
260-2	BO097	260	cioè	cioè	linguistic	_	_	_	_	_	_
260-3	BO097	260	anche	anche	linguistic	_	_	_	_	_	_
260-4	BO097	260	se	se	linguistic	_	_	_	_	_	_
260-5	BO097	260	non	non	linguistic	_	_	_	_	_	_
260-6	BO097	260	succede	succede	linguistic	_	_	_	_	_	_
260-7	BO097	260	niente	niente	linguistic	_	_	_	_	_	_
260-8	BO097	260	tra	tra	linguistic	_	_	_	_	_	_
260-9	BO097	260	i	i	linguistic	_	_	_	_	_	_
260-10	BO097	260	due	due	linguistic	_	_	_	_	_	_
260-11	BO097	260	io	io	linguistic	_	_	_	_	_	_
260-12	BO097	260	[sarei	sarei	linguistic	_	_	_	_	_	0-5(27)
260-13	BO097	260	un	un	linguistic	_	_	_	_	_	0-2(27)
260-14	BO097	260	po':::]	po'	linguistic	_	End=694.292	1x3	_	_	0-3(27)
261-0	BO095	261	[un	un	linguistic	_	Begin=693.428	_	_	_	0-2(27)
261-1	BO095	261	po'	po'	linguistic	_	_	_	_	_	0-3(27)
261-2	BO095	261	bloccata]	bloccata	linguistic	_	End=694.234	_	_	_	0-8(27)
262-0	BO097	262	cioè	cioè	linguistic	_	Begin=695.21	_	_	_	_
262-1	BO097	262	non::	non	linguistic	_	_	2x2	_	_	_
262-2	BO097	262	ma[gari]	magari	linguistic	_	End=696.325	_	_	_	2-6(28)
263-0	BO095	263	[resti]a	restia	linguistic	_	Begin=695.98|End=696.551	_	_	_	0-5(28)
264-0	BO097	264	esatto	esatto	linguistic	_	Begin=696.722	_	_	_	_
264-1	BO097	264	direi	direi	linguistic	_	_	_	_	_	_
264-2	BO097	264	boh	boh	linguistic	_	_	_	_	_	_
264-3	BO097	264	vabbè	vabbè	linguistic	_	_	_	_	_	_
264-4	BO097	264	okay	okay	linguistic	_	_	_	_	_	_
264-5	BO097	264	cioè	cioè	linguistic	_	_	_	_	_	_
264-6	BO097	264	chi	chi	linguistic	_	_	_	_	_	_
264-7	BO097	264	se	se	linguistic	_	_	_	_	_	_
264-8	BO097	264	ne	ne	linguistic	_	_	_	_	_	_
264-9	BO097	264	frega:::	frega	linguistic	_	End=699.866	4x3	_	_	_
265-0	BO097	265	sì	sì	linguistic	_	Begin=700.196	_	_	_	_
265-1	BO097	265	tu	tu	linguistic	_	_	_	_	_	_
265-2	BO097	265	sei	sei	linguistic	_	_	_	_	_	_
265-3	BO097	265	con	con	linguistic	_	_	_	_	_	_
265-4	BO097	265	quella	quella	linguistic	_	_	_	_	_	_
265-5	BO097	265	là	là	linguistic	_	End=701.322	_	_	_	_
266-0	BO095	266	dici	dici	linguistic	_	Begin=704.629	_	_	_	_
266-1	BO095	266	chi	chi	linguistic	_	_	_	_	_	_
266-2	BO095	266	lo	lo	linguistic	_	_	_	_	_	_
266-3	BO095	266	sa	sa	linguistic	_	_	_	_	_	_
266-4	BO095	266	se	se	linguistic	_	_	_	_	_	_
266-5	BO095	266	è	è	linguistic	_	_	_	_	_	_
266-6	BO095	266	la	la	linguistic	_	_	_	_	_	_
266-7	BO095	266	raga::zza	ragazza	linguistic	_	_	3x2	_	_	_
266-8	BO095	266	o	o	linguistic	_	_	_	_	_	_
266-9	BO095	266	se::	se	linguistic	_	End=706.467	1x2	_	_	_
267-0	BO097	267	sì::	sì	linguistic	_	Begin=706.47	1x2	_	_	_
267-1	BO097	267	o	o	linguistic	_	_	_	_	_	_
267-2	BO097	267	[anche:::]	anche	linguistic	_	End=708.23	4x3	_	_	0-5(29)
268-0	BO095	268	[cioè	cioè	linguistic	_	Begin=707.251	_	_	_	0-4(29)
268-1	BO095	268	resta	resta	linguistic	_	_	_	_	_	0-5(29)
268-2	BO095	268	sempre	sempre	linguistic	_	_	_	_	_	0-6(29)
268-3	BO095	268	il	il	linguistic	_	_	_	_	_	0-2(29)
268-4	BO095	268	du]bbio	dubbio	linguistic	_	End=708.451	_	_	_	0-2(29)
269-0	BO097	269	o	o	linguistic	_	Begin=708.764	_	_	_	_
269-1	BO097	269	sì	sì	linguistic	_	_	_	_	_	_
269-2	BO097	269	o	o	linguistic	_	_	_	_	_	_
269-3	BO097	269	magari	magari	linguistic	_	_	_	_	_	_
269-4	BO097	269	hai	hai	linguistic	_	_	_	_	_	_
269-5	BO097	269	interesse	interesse	linguistic	_	_	_	_	_	_
269-6	BO097	269	per	per	linguistic	_	_	_	_	_	_
269-7	BO097	269	quello	quello	linguistic	_	_	_	_	_	_
269-8	BO097	269	là.	là	linguistic	Intonation=Falling	End=711.003	_	_	_	_
270-0	BO097	270	che	che	linguistic	_	Begin=711.64	_	_	_	_
270-1	BO097	270	ne	ne	linguistic	_	_	_	_	_	_
270-2	BO097	270	so	so	linguistic	_	End=712.083	_	_	_	_
271-0	BO095	271	quindi	quindi	linguistic	_	Begin=712.859	_	_	_	_
271-1	BO095	271	che	che	linguistic	_	_	_	_	_	_
271-2	BO095	271	faccio	faccio	linguistic	_	_	_	_	_	_
271-3	BO095	271	arrivo	arrivo	linguistic	_	_	_	_	_	_
271-4	BO095	271	io	io	linguistic	_	_	_	_	_	_
271-5	BO095	271	ehi	ehi	linguistic	_	_	_	_	_	_
271-6	BO095	271	[ciao]	ciao	linguistic	_	End=714.7	_	_	_	0-4(30)
272-0	BO097	272	[esa::tto]	esatto	linguistic	_	Begin=714.059|End=714.722	2x2	_	_	0-6(30)
273-0	BO097	273	boh	boh	linguistic	_	Begin=715.103	_	_	_	_
273-1	BO097	273	non	non	linguistic	_	_	_	_	_	_
273-2	BO097	273	lo	lo	linguistic	_	_	_	_	_	_
273-3	BO097	273	so	so	linguistic	_	End=715.803	_	_	_	_
274-0	BO095	274	come	come	linguistic	_	Begin=715.803	_	_	_	_
274-1	BO095	274	va?	va	linguistic	Intonation=Rising	End=716.325	_	_	_	_
275-0	BO095	275	non	non	linguistic	_	Begin=718.1	_	_	_	_
275-1	BO095	275	ho	ho	linguistic	_	_	_	_	_	_
275-2	BO095	275	assolutamente	assolutamente	linguistic	_	_	_	_	_	_
275-3	BO095	275	secondi	secondi	linguistic	_	_	_	_	_	_
275-4	BO095	275	fini	fini	linguistic	_	End=719.588	_	_	_	_
276-0	BO097	276	sei	sei	linguistic	_	Begin=721.714	_	_	_	_
276-1	BO097	276	proprio	proprio	linguistic	_	_	_	_	_	_
276-2	BO097	276	bello	bello	linguistic	_	End=722.633	_	_	_	_
277-0	BO097	277	((ride))	((ride))	nonverbalbehavior	_	Begin=723.173|End=723.585	_	_	_	_
278-0	BO095	278	((ride))	((ride))	nonverbalbehavior	_	Begin=723.173|End=723.585	_	_	_	_
279-0	BO095	279	poi	poi	linguistic	_	Begin=726.596	_	_	_	_
279-1	BO095	279	perché	perché	linguistic	_	_	_	_	_	_
279-2	BO095	279	mi	mi	linguistic	_	_	_	_	_	_
279-3	BO095	279	guardi?	guardi	linguistic	Intonation=Rising	End=727.7	_	_	_	_
280-0	BO095	280	oppure	oppure	linguistic	_	Begin=728.292	_	_	_	_
280-1	BO095	280	perché	perché	linguistic	_	_	_	_	_	_
280-2	BO095	280	non	non	linguistic	_	_	_	_	_	_
280-3	BO095	280	mi	mi	linguistic	_	_	_	_	_	_
280-4	BO095	280	guardi?	guardi	linguistic	Intonation=Rising	End=729.411	_	_	_	_
281-0	BO097	281	esatto	esatto	linguistic	_	Begin=729.744|End=730.505	_	_	_	_
282-0	BO097	282	perché	perché	linguistic	_	Begin=730.947	_	_	_	_
282-1	BO097	282	non	non	linguistic	_	_	_	_	_	_
282-2	BO097	282	mi	mi	linguistic	_	_	_	_	_	_
282-3	BO097	282	guardi	guardi	linguistic	_	_	_	_	_	_
282-4	BO097	282	più?	più	linguistic	Intonation=Rising	End=732.174	_	_	_	_
283-0	BO097	283	mamma	mamma	linguistic	_	Begin=734.001	_	_	_	_
283-1	BO097	283	mia	mia	linguistic	_	End=734.588	_	_	_	_
284-0	BO097	284	non	non	linguistic	_	Begin=751.125	_	_	_	_
284-1	BO097	284	xx	x	unknown	_	_	_	_	_	_
284-2	BO097	284	xxx	x	unknown	_	_	_	_	_	_
284-3	BO097	284	andare	andare	linguistic	_	_	_	_	_	_
284-4	BO097	284	a	a	linguistic	_	_	_	_	_	_
284-5	BO097	284	studiare	studiare	linguistic	_	End=752.722	_	_	_	_
285-0	BO095	285	m::h	mh	linguistic	_	Begin=752.961|End=753.515	0x2	_	_	_
286-0	BO095	286	mi	mi	linguistic	_	Begin=760.13	_	_	_	_
286-1	BO095	286	sa	sa	linguistic	_	_	_	_	_	_
286-2	BO095	286	che	che	linguistic	_	_	_	_	_	_
286-3	BO095	286	sei	sei	linguistic	_	_	_	_	_	_
286-4	BO095	286	un	un	linguistic	_	_	_	_	_	_
286-5	BO095	286	po'	po'	linguistic	_	_	_	_	_	_
286-6	BO095	286	stanca?	stanca	linguistic	Intonation=Rising	End=761.259	_	_	_	_
287-0	BO097	287	chissà	chissà	linguistic	_	Begin=763.692	_	_	_	_
287-1	BO097	287	perché	perché	linguistic	_	_	_	_	_	_
287-2	BO097	287	poi	poi	linguistic	_	_	_	_	_	_
287-3	BO097	287	xxx	x	unknown	_	End=765.181	_	_	_	_
288-0	BO095	288	c'	c'	linguistic	SpaceAfter=No	Begin=766.692	_	_	_	_
288-1	BO095	288	è	è	linguistic	_	_	_	_	_	_
288-2	BO095	288	freddo	freddo	linguistic	_	End=767.374	_	_	_	_
289-0	BO095	289	il	il	linguistic	_	Begin=767.551	_	_	_	_
289-1	BO095	289	freddo	freddo	linguistic	_	_	_	_	_	_
289-2	BO095	289	stanca.	stanca	linguistic	Intonation=Falling	End=768.339	_	_	_	_
290-0	BO097	290	((ride))	((ride))	nonverbalbehavior	_	Begin=768.364|End=768.686	_	_	_	_
291-0	BO095	291	a	a	linguistic	_	Begin=768.686	_	_	_	_
291-1	BO095	291	me	me	linguistic	_	_	_	_	_	_
291-2	BO095	291	il	il	linguistic	_	_	_	_	_	_
291-3	BO095	291	freddo	freddo	linguistic	_	_	_	_	_	_
291-4	BO095	291	stanca	stanca	linguistic	_	_	_	_	_	_
291-5	BO095	291	(.)	[PAUSE]	shortpause	_	_	_	_	_	_
291-6	BO095	291	anche	anche	linguistic	_	_	_	_	_	_
291-7	BO095	291	come	come	linguistic	_	_	_	_	_	_
291-8	BO095	291	(pensieri)	pensieri	linguistic	_	End=771.255	_	_	0-8(0)	_
292-0	BO097	292	m::h	mh	linguistic	_	Begin=777.74	0x2	_	_	_
292-1	BO097	292	mi	mi	linguistic	_	_	_	_	_	_
292-2	BO097	292	sa	sa	linguistic	_	_	_	_	_	_
292-3	BO097	292	che	che	linguistic	_	_	_	_	_	_
292-4	BO097	292	adesso	adesso	linguistic	_	_	_	_	_	_
292-5	BO097	292	lavo	lavo	linguistic	_	_	_	_	_	_
292-6	BO097	292	i	i	linguistic	_	_	_	_	_	_
292-7	BO097	292	piatti	piatti	linguistic	_	_	_	_	_	_
292-8	BO097	292	poi	poi	linguistic	_	_	_	_	_	_
292-9	BO097	292	mi	mi	linguistic	_	_	_	_	_	_
292-10	BO097	292	faccio	faccio	linguistic	_	_	_	_	_	_
292-11	BO097	292	ancora	ancora	linguistic	_	_	_	_	_	_
292-12	BO097	292	una	una	linguistic	_	_	_	_	_	_
292-13	BO097	292	mezz'	mezz'	linguistic	SpaceAfter=No	_	_	_	_	_
292-14	BO097	292	oretta	oretta	linguistic	_	_	_	_	_	_
292-15	BO097	292	con	con	linguistic	_	End=781.914	_	_	_	_
293-0	BO097	293	tisa::na	tisana	linguistic	_	Begin=782.729	3x2	_	_	_
293-1	BO097	293	o	o	linguistic	_	_	_	_	_	_
293-2	BO097	293	caffè	caffè	linguistic	_	_	_	_	_	_
293-3	BO097	293	d'	d'	linguistic	SpaceAfter=No	_	_	_	_	_
293-4	BO097	293	orzo,	orzo	linguistic	Intonation=weakly_rising	End=784.407	_	_	_	_
294-0	BO095	294	ci	ci	linguistic	_	Begin=784.719	_	_	_	_
294-1	BO095	294	sta	sta	linguistic	_	_	_	_	_	_
294-2	BO095	294	ci	ci	linguistic	_	_	_	_	_	_
294-3	BO095	294	sta	sta	linguistic	_	End=785.366	_	_	_	_
295-0	BO097	295	e	e	linguistic	_	Begin=785.405	_	_	_	_
295-1	BO097	295	poi	poi	linguistic	_	_	_	_	_	_
295-2	BO097	295	xx	x	unknown	_	End=785.796	_	_	_	_
296-0	BO097	296	sì	sì	linguistic	_	Begin=789.903	_	_	_	_
296-1	BO097	296	(.)	[PAUSE]	shortpause	_	_	_	_	_	_
296-2	BO097	296	i	i	linguistic	_	_	_	_	_	_
296-3	BO097	296	piatti	piatti	linguistic	_	_	_	_	_	_
296-4	BO097	296	li	li	linguistic	_	_	_	_	_	_
296-5	BO097	296	devo	devo	linguistic	_	_	_	_	_	_
296-6	BO097	296	lavare	lavare	linguistic	_	_	_	_	_	_
296-7	BO097	296	che	che	linguistic	_	_	_	_	_	_
296-8	BO097	296	c'	c'	linguistic	SpaceAfter=No	_	_	_	_	_
296-9	BO097	296	ho	ho	linguistic	_	_	_	_	_	_
296-10	BO097	296	lì	lì	linguistic	_	_	_	_	_	_
296-11	BO097	296	ancora	ancora	linguistic	_	_	_	_	_	_
296-12	BO097	296	quelli	quelli	linguistic	_	_	_	_	_	_
296-13	BO097	296	di	di	linguistic	_	_	_	_	_	_
296-14	BO097	296	ieri	ieri	linguistic	_	End=792.918	_	_	_	_
297-0	BO095	297	beh	beh	linguistic	_	Begin=794.262	_	_	_	_
297-1	BO095	297	non	non	linguistic	_	_	_	_	_	_
297-2	BO095	297	ti	ti	linguistic	_	_	_	_	_	_
297-3	BO095	297	preoccupare	preoccupare	linguistic	_	End=795.281	_	_	_	_
298-0	BO095	298	vabbè	vabbè	linguistic	_	Begin=796.392	_	_	_	_
298-1	BO095	298	non	non	linguistic	_	_	_	_	_	_
298-2	BO095	298	ti	ti	linguistic	_	_	_	_	_	_
298-3	BO095	298	preoccupare	preoccupare	linguistic	_	End=797.422	_	_	_	_
299-0	BO097	299	era	era	linguistic	_	Begin=799.952	_	_	_	_
299-1	BO097	299	poca	poca	linguistic	_	_	_	_	_	_
299-2	BO097	299	roba	roba	linguistic	_	_	_	_	_	_
299-3	BO097	299	quindi	quindi	linguistic	_	End=801.344	_	_	_	_
300-0	BO095	300	mhmh	mhmh	linguistic	_	Begin=801.481|End=801.93	_	_	_	_
301-0	BO095	301	sai	sai	linguistic	_	Begin=844.92	_	_	_	_
301-1	BO095	301	se	se	linguistic	_	_	_	_	_	_
301-2	BO095	301	c'	c'	linguistic	SpaceAfter=No	_	_	_	_	_
301-3	BO095	301	è	è	linguistic	_	_	_	_	_	_
301-4	BO095	301	sveva	sveva	linguistic	_	_	_	_	_	_
301-5	BO095	301	per	per	linguistic	_	_	_	_	_	_
301-6	BO095	301	caso?	caso	linguistic	Intonation=Rising	End=846.423	_	_	_	_
302-0	BO097	302	sì	sì	linguistic	_	Begin=846.821	_	_	_	_
302-1	BO097	302	è	è	linguistic	_	_	_	_	_	_
302-2	BO097	302	di	di	linguistic	_	_	_	_	_	_
302-3	BO097	302	là	là	linguistic	_	End=847.372	_	_	_	_
303-0	BO095	303	okay	okay	linguistic	_	Begin=847.739|End=848.073	_	_	_	_
304-0	BO097	304	prima	prima	linguistic	_	Begin=848.375	_	_	_	_
304-1	BO097	304	è::	è	linguistic	_	End=849.025	0x2	_	_	_
305-0	BO097	305	è	è	linguistic	_	Begin=849.5	_	_	_	_
305-1	BO097	305	comparsa	comparsa	linguistic	_	End=850.467	_	_	_	_
306-0	BO095	306	mhmh	mhmh	linguistic	_	Begin=850.656|End=851.17	_	_	_	_
307-0	BO097	307	xxxx	x	unknown	_	Begin=851.407|End=852.718	_	_	_	_
308-0	BO095	308	ho	ho	linguistic	_	Begin=853.229	_	_	_	_
308-1	BO095	308	capito	capito	linguistic	_	End=853.8	_	_	_	_
309-0	BO095	309	xxx	x	unknown	_	Begin=918.185	_	_	_	_
309-1	BO095	309	una	una	linguistic	_	_	_	_	_	_
309-2	BO095	309	cosina?	cosina	linguistic	Intonation=Rising	End=919.133	_	_	_	_
310-0	BO097	310	xxx	x	unknown	_	Begin=919.425|End=919.982	_	_	_	_
